,assists,bonus,bps,chance_of_playing_next_round,chance_of_playing_this_round,clean_sheets,code,cost_change_event,cost_change_event_fall,cost_change_start,cost_change_start_fall,creativity,dreamteam_count,element_type,ep_next,ep_this,event_points,first_name,form,goals_conceded,goals_scored,ict_index,id,in_dreamteam,influence,minutes,news,news_added,now_cost,own_goals,penalties_missed,penalties_saved,photo,points_per_game,red_cards,saves,second_name,selected_by_percent,special,squad_number,status,team,team_code,threat,total_points,transfers_in,transfers_in_event,transfers_out,transfers_out_event,value_form,value_season,web_name,yellow_cards
0,0,5,475,,,6,69140,0,0,0,0,106.0,0,2,,,0,Shkodran,0,40,2,107.8,1,False,718.6,2611,,,55,0,0,0,69140.jpg,2.6,0,0,Mustafi,0.5,False,,a,1,3,252,80,0,0,0,0,0,0,Mustafi,9
1,5,5,304,0.0,,4,98745,0,0,0,0,197.8,0,2,,,0,Héctor,0,21,0,73.7,2,False,261.6,1532,Knee injury - Unknown return date,2019-06-25T11:30:06.897107Z,55,1,0,0,98745.jpg,3.2,0,0,Bellerín,0.2,False,,i,1,3,280,60,0,0,0,0,0,0,Bellerín,3
2,7,10,382,,,5,111457,0,0,0,0,445.9,0,2,,,0,Sead,0,29,0,101.0,3,False,323.2,1886,,,55,1,0,0,111457.jpg,3.4,0,0,Kolasinac,2.1,False,,a,1,3,242,81,0,0,0,0,0,0,Kolasinac,5
3,1,3,152,,,2,154043,0,0,0,0,98.9,0,2,,,0,Ainsley,0,20,1,44.8,4,False,224.2,983,,,50,0,0,0,154043.jpg,2.1,1,0,Maitland-Niles,0.9,False,,a,1,3,126,34,0,0,0,0,0,0,Maitland-Niles,1
4,2,4,402,,,5,39476,0,0,0,0,67.9,0,2,,,0,Sokratis,0,33,1,70.4,5,False,513.8,2198,,,50,0,0,0,39476.jpg,2.6,0,0,Papastathopoulos,1.2,False,,a,1,3,120,64,0,0,0,0,0,0,Sokratis,12
5,4,7,392,,,5,38411,0,0,0,0,196.6,0,2,,,0,Nacho,0,24,1,83.4,6,False,413.2,1860,,,50,0,0,0,38411.jpg,3.5,0,0,Monreal,1.1,False,,a,1,3,224,77,0,0,0,0,0,0,Monreal,5
6,0,8,319,,,3,51507,0,0,0,0,29.5,0,2,,,0,Laurent,0,23,3,59.1,7,False,456.4,1329,,,50,0,0,0,51507.jpg,3.6,0,0,Koscielny,0.7,False,,a,1,3,105,62,0,0,0,0,0,0,Koscielny,1
7,0,0,28,,,0,233963,0,0,0,0,14.1,0,2,,,0,Konstantinos,0,1,0,5.2,8,False,27.0,147,,,45,0,0,0,233963.jpg,0.8,0,0,Mavropanos,0.2,False,,a,1,3,10,3,0,0,0,0,0,0,Mavropanos,1
8,0,0,16,,,0,80254,0,0,0,0,16.9,0,2,,,0,Carl,0,3,0,5.2,9,False,26.8,165,,,45,0,0,0,80254.jpg,1.3,0,0,Jenkinson,0.2,False,,a,1,3,8,4,0,0,0,0,0,0,Jenkinson,0
9,0,5,148,0.0,,1,156074,0,0,0,0,28.7,0,2,,,0,Rob,0,10,0,23.2,10,False,187.8,806,Anterior cruciate ligament - Unknown return date,2019-06-25T11:30:06.913215Z,45,0,0,0,156074.jpg,2.4,0,0,Holding,0.2,False,,i,1,3,14,24,0,0,0,0,0,0,Holding,1
10,7,32,756,,,7,54694,0,0,0,0,484.6,0,4,,,0,Pierre-Emerick,0,42,22,289.6,11,False,984.4,2722,,,110,0,1,0,54694.jpg,5.7,0,0,Aubameyang,18.9,False,,a,1,3,1429,205,0,0,0,0,0,0,Aubameyang,0
11,12,20,560,,,6,59966,0,0,0,0,482.4,0,4,,,0,Alexandre,0,31,13,260.6,12,False,808.0,2497,,,95,0,0,0,59966.jpg,4.7,0,0,Lacazette,8.4,False,,a,1,3,1319,166,0,0,0,0,0,0,Lacazette,2
12,0,1,36,,,0,205533,0,0,0,0,14.7,0,4,,,0,Edward,0,3,1,11.4,13,False,40.8,63,,,45,0,0,0,205533.jpg,2.0,0,0,Nketiah,5.0,False,,a,1,3,59,10,0,0,0,0,0,0,Nketiah,0
13,0,5,568,,,6,80201,0,0,0,0,0.0,0,1,,,0,Bernd,0,42,0,80.5,14,False,807.2,2835,,,50,0,0,0,80201.jpg,3.3,0,105,Leno,4.6,False,,a,1,3,0,106,0,0,0,0,0,0,Leno,0
14,3,9,363,,,5,37605,0,0,0,0,714.2,0,3,,,0,Mesut,0,24,5,140.0,15,False,429.6,1732,,,75,0,0,0,37605.jpg,3.7,0,0,Özil,1.5,False,,a,1,3,254,89,0,0,0,0,0,0,Özil,2
15,4,12,354,,,3,57249,0,0,0,0,454.9,0,3,,,0,Henrikh,0,26,6,150.2,16,False,446.4,1637,,,70,0,0,0,57249.jpg,3.9,0,0,Mkhitaryan,3.7,False,,a,1,3,600,98,0,0,0,0,0,0,Mkhitaryan,1
16,8,3,382,,,4,153133,0,0,0,0,596.7,0,3,,,0,Alex,0,32,3,171.1,17,False,469.0,1961,,,60,0,0,0,153133.jpg,2.8,0,0,Iwobi,1.3,False,,a,1,3,646,99,0,0,0,0,0,0,Iwobi,0
17,3,8,452,,,7,84450,0,0,0,0,674.0,0,3,,,0,Granit,0,37,4,152.6,18,False,634.6,2498,,,55,0,0,0,84450.jpg,3.1,0,0,Xhaka,1.2,False,,a,1,3,215,90,0,0,0,0,0,0,Xhaka,10
18,4,6,409,,,5,198849,0,0,0,0,301.0,0,3,,,0,Lucas,0,38,2,94.5,19,False,440.8,2377,,,50,0,0,0,198849.jpg,2.3,1,0,Torreira,1.8,False,,a,1,3,203,78,0,0,0,0,0,0,Torreira,7
19,0,0,59,,,0,153256,0,0,0,0,76.7,0,3,,,0,Mohamed,0,5,0,22.7,20,False,86.6,377,,,45,0,0,0,153256.jpg,1.3,0,0,Elneny,0.5,False,,a,1,3,63,10,0,0,0,0,0,0,Elneny,0
20,0,0,321,,,3,242166,0,0,0,0,312.4,0,3,,,0,Matteo,0,32,0,76.6,21,False,323.2,2140,,,45,0,0,0,242166.jpg,1.4,0,0,Guendouzi,4.2,False,,a,1,3,130,47,0,0,0,0,0,0,Guendouzi,9
21,0,0,0,,,0,98980,0,0,0,0,0.0,0,1,,,0,Emiliano,0,0,0,0.0,427,False,0.0,0,,,45,0,0,0,98980.jpg,0.0,0,0,Martínez,0.3,False,,a,1,3,0,0,0,0,0,0,0,0,Martínez,0
22,0,0,431,,,5,101184,0,0,0,0,231.9,0,2,,,0,Calum,0,52,2,124.5,467,False,609.0,2586,,,45,0,0,0,101184.jpg,1.9,0,0,Chambers,0.3,False,,a,1,3,401,60,0,0,0,0,0,0,Chambers,9
23,0,0,0,,,0,182539,0,0,0,0,0.0,0,3,,,0,Daniel,0,0,0,0.0,469,False,0.0,0,,,55,0,0,0,182539.jpg,0.0,0,0,Ceballos Fernández,2.6,False,,a,1,3,0,0,0,0,0,0,0,0,Ceballos,0
24,0,0,0,,,0,37339,0,0,0,0,0.0,0,2,,,0,Ahmed,0,0,0,0.0,22,False,0.0,0,,,45,0,0,0,37339.jpg,0.0,0,0,El Mohamady,3.7,False,,a,2,7,0,0,0,0,0,0,0,0,El Mohamady,0
25,0,0,0,,,0,43252,0,0,0,0,0.0,0,2,,,0,James,0,0,0,0.0,23,False,0.0,0,,,45,0,0,0,43252.jpg,0.0,0,0,Chester,0.5,False,,a,2,7,0,0,0,0,0,0,0,0,Chester,0
26,0,0,0,,,0,47390,0,0,0,0,0.0,0,2,,,0,Neil,0,0,0,0.0,24,False,0.0,0,,,45,0,0,0,47390.jpg,0.0,0,0,Taylor,0.3,False,,a,2,7,0,0,0,0,0,0,0,0,Taylor,0
27,0,0,0,,,0,123354,0,0,0,0,0.0,0,2,,,0,Kortney,0,0,0,0.0,25,False,0.0,0,,,45,0,0,0,123354.jpg,0.0,0,0,Hause,0.2,False,,a,2,7,0,0,0,0,0,0,0,0,Hause,0
28,0,0,0,,,0,54764,0,0,0,0,0.0,0,4,,,0,Jonathan,0,0,0,0.0,26,False,0.0,0,,,55,0,0,0,54764.jpg,0.0,0,0,Kodjia,0.8,False,,a,2,7,0,0,0,0,0,0,0,0,Kodjia,0
29,0,0,0,,,0,98770,0,0,0,0,0.0,0,1,,,0,Ørjan,0,0,0,0.0,27,False,0.0,0,,,45,0,0,0,98770.jpg,0.0,0,0,Nyland,0.9,False,,a,2,7,0,0,0,0,0,0,0,0,Nyland,0
30,0,0,0,,,0,85242,0,0,0,0,0.0,0,3,,,0,Conor,0,0,0,0.0,28,False,0.0,0,,,60,0,0,0,85242.jpg,0.0,0,0,Hourihane,0.4,False,,a,2,7,0,0,0,0,0,0,0,0,Hourihane,0
31,0,0,0,,,0,114283,0,0,0,0,0.0,0,3,,,0,Jack,0,0,0,0.0,29,False,0.0,0,,,60,0,0,0,114283.jpg,0.0,0,0,Grealish,8.0,False,,a,2,7,0,0,0,0,0,0,0,0,Grealish,0
32,0,0,0,,,0,193488,0,0,0,0,0.0,0,3,,,0,Anwar,0,0,0,0.0,30,False,0.0,0,,,55,0,0,0,193488.jpg,0.0,0,0,El Ghazi,0.8,False,,a,2,7,0,0,0,0,0,0,0,0,El Ghazi,0
33,0,0,0,,,0,122806,0,0,0,0,0.0,0,3,,,0,John,0,0,0,0.0,31,False,0.0,0,,,55,0,0,0,122806.jpg,0.0,0,0,McGinn,2.2,False,,a,2,7,0,0,0,0,0,0,0,0,McGinn,0
34,0,0,0,,,0,174597,0,0,0,0,0.0,0,3,,,0,Andre,0,0,0,0.0,32,False,0.0,0,,,50,0,0,0,174597.jpg,0.0,0,0,Green,0.1,False,,a,2,7,0,0,0,0,0,0,0,0,Green,0
35,0,0,0,,,0,27770,0,0,0,0,0.0,0,3,,,0,Birkir,0,0,0,0.0,33,False,0.0,0,,,45,0,0,0,27770.jpg,0.0,0,0,Bjarnason,0.4,False,,a,2,7,0,0,0,0,0,0,0,0,Bjarnason,0
36,0,0,0,,,0,221239,0,0,0,0,0.0,0,3,,,0,Keinan,0,0,0,0.0,34,False,0.0,0,,,45,0,0,0,221239.jpg,0.0,0,0,Davis,0.3,False,,a,2,7,0,0,0,0,0,0,0,0,Davis,0
37,0,0,0,,,0,40564,0,0,0,0,0.0,0,3,,,0,Henri,0,0,0,0.0,35,False,0.0,0,,,45,0,0,0,40564.jpg,0.0,0,0,Lansbury,0.3,False,,a,2,7,0,0,0,0,0,0,0,0,Lansbury,0
38,0,0,0,,,0,89274,0,0,0,0,0.0,0,3,,,0,José Ignacio,0,0,0,0.0,36,False,0.0,0,,,60,0,0,0,89274.jpg,0.0,0,0,Peleteiro Romallo,0.4,False,,a,2,7,0,0,0,0,0,0,0,0,Jota,0
39,3,3,229,,,0,169359,0,0,0,0,366.8,0,2,,,0,Matt,0,25,1,86.2,309,False,314.2,1185,,,45,0,0,0,169359.jpg,2.3,0,0,Targett,1.7,False,,a,2,7,181,36,0,0,0,0,0,0,Targett,2
40,0,0,0,,,0,213345,0,0,0,0,0.0,0,4,,,0,Wesley,0,0,0,0.0,428,False,0.0,0,,,60,0,0,0,213345.jpg,0.0,0,0,Moraes,1.5,False,,a,2,7,0,0,0,0,0,0,0,0,Wesley,0
41,0,0,0,,,0,79852,0,0,0,0,0.0,0,1,,,0,Jed,0,0,0,0.0,429,False,0.0,0,,,45,0,0,0,79852.jpg,0.0,0,0,Steer,0.5,False,,a,2,7,0,0,0,0,0,0,0,0,Steer,0
42,0,0,41,,,0,149484,0,0,0,0,16.3,0,2,,,0,Tyrone,0,4,0,6.8,445,False,49.0,141,,,45,0,0,0,149484.jpg,1.0,0,0,Mings,1.8,False,,a,2,7,2,5,0,0,0,0,0,0,Mings,0
43,0,0,0,,,0,199798,0,0,0,0,0.0,0,2,,,0,Ezri,0,0,0,0.0,452,False,0.0,0,,,45,0,0,0,199798.jpg,0.0,0,0,Konsa Ngoyo,0.1,False,,a,2,7,0,0,0,0,0,0,0,0,Konsa,0
44,0,0,0,,,0,108156,0,0,0,0,0.0,0,2,,,0,Bjorn,0,0,0,0.0,455,False,0.0,0,,,45,0,0,0,108156.jpg,0.0,0,0,Engels,0.1,False,,a,2,7,0,0,0,0,0,0,0,0,Engels,0
45,0,0,0,,,0,203368,0,0,0,0,0.0,0,2,,,0,Frédéric,0,0,0,0.0,458,False,0.0,0,,,45,0,0,0,203368.jpg,0.0,0,0,Guilbert,0.3,False,,a,2,7,0,0,0,0,0,0,0,0,Guilbert,0
46,0,0,0,,,0,148508,0,0,0,0,0.0,0,3,,,0,Mahmoud Ahmed,0,0,0,0.0,465,False,0.0,0,,,55,0,0,0,148508.jpg,0.0,0,0,Ibrahim Hassan,3.2,False,,a,2,7,0,0,0,0,0,0,0,0,Trézéguet,0
47,0,0,0,,,0,230046,0,0,0,0,0.0,0,3,,,0,Douglas Luiz,0,0,0,0.0,470,False,0.0,0,,,45,0,0,0,230046.jpg,0.0,0,0,Soares de Paulo,0.3,False,,a,2,7,0,0,0,0,0,0,0,0,Douglas Luiz,0
48,1,6,549,,,9,56917,0,0,0,0,143.3,0,2,,,0,Steve,0,56,1,116.5,58,False,731.0,2786,,,50,1,0,0,56917.jpg,2.7,0,0,Cook,0.6,False,,a,3,91,292,85,0,0,0,0,0,0,Steve Cook,3
49,1,8,716,,,10,126184,0,0,0,0,125.9,0,2,,,0,Nathan,0,70,4,156.8,59,False,1002.0,3411,,,50,0,0,0,126184.jpg,3.2,0,0,Aké,17.2,False,,a,3,91,440,120,0,0,0,0,0,0,Aké,3
50,0,1,278,0.0,,4,41320,0,0,0,0,215.4,0,2,,,0,Charlie,0,34,1,66.2,60,False,289.8,1583,Knee injury - Unknown return date,2019-06-25T11:30:06.960367Z,45,0,0,0,41320.jpg,2.1,0,0,Daniels,0.0,False,,i,3,91,156,44,0,0,0,0,0,0,Daniels,4
51,1,0,158,,,2,223911,0,0,0,0,24.1,0,2,,,0,Chris,0,17,0,22.5,61,False,177.2,848,,,45,0,0,0,223911.jpg,2.1,0,0,Mepham,0.2,False,,a,3,91,22,27,0,0,0,0,0,0,Mepham,1
52,2,0,244,0.0,,4,15149,0,0,0,0,173.3,0,2,,,0,Simon,0,24,0,54.4,62,False,332.4,1227,Anterior cruciate ligament - Unknown return date,2019-06-25T11:30:06.976202Z,45,0,0,0,15149.jpg,2.4,0,0,Francis,0.0,False,,i,3,91,39,40,0,0,0,0,0,0,Francis,1
53,1,1,383,,,8,54469,0,0,0,0,199.8,0,2,,,0,Adam,0,33,1,68.5,63,False,374.0,2067,,,45,0,0,0,54469.jpg,2.8,1,0,Smith,2.0,False,,a,3,91,110,70,0,0,0,0,0,0,Adam Smith,5
54,0,0,0,,,0,235530,0,0,0,0,0.0,0,2,,,0,Lloyd,0,0,0,0.0,64,False,0.0,0,,,45,0,0,0,235530.jpg,0.0,0,0,Kelly,0.4,False,,a,3,91,0,0,0,0,0,0,0,0,Kelly,0
55,0,0,89,,,0,171129,0,0,0,0,171.6,0,2,,,0,Diego,0,19,0,31.4,65,False,107.4,606,,,40,0,0,0,171129.jpg,0.7,0,0,Rico,3.4,False,,a,3,91,36,8,0,0,0,0,0,0,Rico,1
56,0,0,73,,,1,222434,0,0,0,0,2.0,0,2,,,0,Jack,0,9,0,11.0,66,False,85.4,401,,,40,1,0,0,222434.jpg,1.7,0,0,Simpson,7.7,False,,a,3,91,21,10,0,0,0,0,0,0,Simpson,0
57,12,22,525,,,9,75115,0,0,0,0,388.4,0,4,,,0,Callum,0,47,14,225.0,67,False,737.8,2528,,,80,0,1,0,75115.jpg,5.6,0,0,Wilson,21.7,False,,a,3,91,1137,168,0,0,0,0,0,0,Wilson,3
58,3,20,457,,,10,78007,0,0,0,0,535.7,0,4,,,0,Joshua,0,57,12,223.8,68,False,655.4,2963,,,65,0,1,0,78007.jpg,4.0,0,0,King,19.3,False,,a,3,91,1058,141,0,0,0,0,0,0,King,3
59,1,0,45,,,0,154566,0,0,0,0,96.0,0,4,,,0,Dominic,0,5,0,33.0,69,False,79.0,340,,,55,0,0,0,154566.jpg,1.5,0,0,Solanke,0.5,False,,a,3,91,154,15,0,0,0,0,0,0,Solanke,0
60,0,0,3,,,0,217331,0,0,0,0,11.8,0,4,,,0,Sam,0,0,0,4.0,71,False,5.0,11,,,45,0,0,0,217331.jpg,1.0,0,0,Surridge,1.9,False,,a,3,91,23,2,0,0,0,0,0,0,Surridge,0
61,0,4,363,,,5,40349,0,0,0,0,0.0,0,1,,,0,Asmir,0,47,0,44.2,72,False,440.6,2160,,,45,0,0,0,40349.jpg,2.6,0,59,Begovic,3.3,False,,a,3,91,0,63,0,0,0,0,0,0,Begovic,0
62,0,4,218,,,4,18726,0,0,0,0,0.0,0,1,,,0,Artur,0,18,0,30.3,73,False,302.0,1080,,,45,0,0,0,18726.jpg,3.8,0,39,Boruc,0.6,False,,a,3,91,0,46,0,0,0,0,0,0,Boruc,2
63,0,1,46,,,1,229600,0,0,0,0,0.0,0,1,,,0,Mark,0,5,0,6.8,74,False,68.2,180,,,45,0,0,0,229600.jpg,4.5,0,9,Travers,0.5,False,,a,3,91,0,9,0,0,0,0,0,0,Travers,0
64,14,23,751,,,9,90105,0,0,0,0,1382.4,0,3,,,0,Ryan,0,64,7,301.2,75,False,930.6,3165,,,75,0,0,0,90105.jpg,4.8,0,0,Fraser,21.2,False,,a,3,91,696,181,0,0,0,0,0,0,Fraser,2
65,6,7,414,,,9,111317,0,0,0,0,466.7,0,3,,,0,David,0,41,7,167.5,76,False,598.0,2263,,,65,0,0,0,111317.jpg,4.1,0,0,Brooks,5.3,False,,a,3,91,609,123,0,0,0,0,0,0,Brooks,3
66,3,3,205,0.0,,2,56872,0,0,0,0,254.5,0,3,,,0,Junior,0,24,2,82.0,77,False,225.2,1021,Knee injury - Unknown return date,2019-06-25T11:30:06.990995Z,60,0,0,0,56872.jpg,2.4,0,0,Stanislas,0.0,False,,i,3,91,340,56,0,0,0,0,0,0,Stanislas,1
67,1,0,105,,,1,103912,0,0,0,0,174.8,0,3,,,0,Jordon,0,23,1,46.0,78,False,131.2,789,,,50,0,0,0,103912.jpg,1.7,0,0,Ibe,0.3,False,,a,3,91,155,33,0,0,0,0,0,0,Ibe,1
68,0,0,91,0.0,,3,155408,0,0,0,0,50.4,0,3,,,0,Lewis,0,10,0,16.5,79,False,76.0,719,Anterior cruciate ligament - Unknown return date,2019-06-25T11:30:07.007116Z,50,0,0,0,155408.jpg,1.7,0,0,Cook,0.0,False,,i,3,91,36,22,0,0,0,0,0,0,Lewis Cook,2
69,0,0,206,100.0,,4,15237,0,0,0,0,163.0,0,3,,,0,Andrew,0,37,0,39.2,80,False,190.8,1438,,2019-06-25T11:30:07.022396Z,50,0,0,0,15237.jpg,2.0,0,0,Surman,0.0,False,,a,3,91,38,36,0,0,0,0,0,0,Surman,2
70,2,0,237,,,4,40387,0,0,0,0,164.7,0,3,,,0,Dan,0,33,2,78.1,81,False,400.6,1734,,,50,0,0,0,40387.jpg,2.2,0,0,Gosling,0.1,False,,a,3,91,217,54,0,0,0,0,0,0,Gosling,8
71,2,6,410,,,9,152551,0,0,0,0,245.8,0,3,,,0,Jefferson,0,49,2,96.2,82,False,539.6,2505,,,50,1,0,0,152551.jpg,2.5,0,0,Lerma,0.2,False,,a,3,91,174,75,0,0,0,0,0,0,Lerma,12
72,0,0,0,,,0,154131,0,0,0,0,0.0,0,2,,,0,Jack,0,0,0,0.0,446,False,0.0,0,,,45,0,0,0,154131.jpg,0.0,0,0,Stacey,0.2,False,,a,3,91,0,0,0,0,0,0,0,0,Stacey,0
73,2,9,582,,,7,61933,0,0,0,0,84.1,0,2,,,0,Shane,0,55,5,160.9,37,False,1024.4,3087,,,50,0,0,0,61933.jpg,3.3,1,0,Duffy,3.2,False,,a,4,36,499,115,0,0,0,0,0,0,Duffy,4
74,1,1,351,,,3,86153,0,0,0,0,289.2,0,2,,,0,Martín,0,41,0,78.6,38,False,437.6,2166,,,45,0,0,0,86153.jpg,1.8,0,0,Montoya,0.3,False,,a,4,36,58,45,0,0,0,0,0,0,Montoya,4
75,1,0,290,,,2,209362,0,0,0,0,172.6,0,2,,,0,Bernardo,0,29,0,70.0,39,False,444.2,1749,,,45,0,0,0,209362.jpg,1.8,0,0,Fernandes da Silva Junior,0.2,False,,a,4,36,83,39,0,0,0,0,0,0,Bernardo,4
76,0,0,86,,,0,52484,0,0,0,0,1.1,0,2,,,0,Leon,0,10,1,16.2,40,False,134.0,591,,,45,0,0,0,52484.jpg,1.9,0,0,Balogun,0.1,False,,a,4,36,27,15,0,0,0,0,0,0,Balogun,2
77,0,0,254,,,5,42748,0,0,0,0,153.3,0,2,,,0,Gaëtan,0,34,0,38.0,41,False,220.0,1805,,,45,0,0,0,42748.jpg,2.2,0,0,Bong,0.2,False,,a,4,36,8,48,0,0,0,0,0,0,Bong,0
78,1,6,573,,,7,83299,0,0,0,0,132.9,0,2,,,0,Lewis,0,56,2,118.7,42,False,805.8,3151,,,45,0,0,0,83299.jpg,2.5,1,0,Dunk,7.6,False,,a,4,36,245,91,0,0,0,0,0,0,Dunk,5
79,0,0,0,,,0,178173,0,0,0,0,0.0,0,2,,,0,Matthew,0,0,0,0.0,43,False,0.0,0,,,45,0,0,0,178173.jpg,0.0,0,0,Clarke,0.2,False,,a,4,36,0,0,0,0,0,0,0,0,Clarke,0
80,1,16,337,,,4,20529,0,0,0,0,190.0,0,4,,,0,Glenn,0,45,13,148.1,44,False,478.0,2501,,,60,0,0,0,20529.jpg,3.4,0,0,Murray,3.8,False,,a,4,36,835,129,0,0,0,0,0,0,Murray,5
81,0,6,155,,,3,106757,0,0,0,0,190.8,0,4,,,0,Jürgen,0,21,2,69.7,45,False,154.4,1225,,,55,0,0,0,106757.jpg,2.0,0,0,Locadia,0.3,False,,a,4,36,356,52,0,0,0,0,0,0,Locadia,1
82,0,2,74,,,2,93284,0,0,0,0,48.6,0,4,,,0,Florin,0,14,3,54.9,46,False,147.2,866,,,50,0,0,0,93284.jpg,1.7,0,0,Andone,0.6,False,,a,4,36,361,38,0,0,0,0,0,0,Andone,5
83,0,11,547,,,6,131897,0,0,0,0,0.0,0,1,,,0,Mathew,0,55,0,70.9,47,False,707.0,3060,,,45,0,0,0,131897.jpg,3.1,0,97,Ryan,15.6,False,,a,4,36,0,104,0,0,0,0,0,0,Ryan,2
84,0,2,76,,,1,50093,0,0,0,0,0.0,0,1,,,0,David,0,5,0,8.9,48,False,89.2,360,,,40,0,0,0,50093.jpg,3.8,0,14,Button,23.8,False,,a,4,36,0,15,0,0,0,0,0,0,Button,0
85,3,12,347,,,3,60307,0,0,0,0,815.3,0,3,,,0,Pascal,0,31,3,161.7,49,False,456.0,1864,,,65,0,1,0,60307.jpg,3.2,0,0,Groß,0.8,False,,a,4,36,344,80,0,0,0,0,0,0,Groß,1
86,0,0,61,,,5,165210,0,0,0,0,104.0,0,3,,,0,Alireza,0,16,0,35.5,50,False,94.4,1014,,,60,0,0,0,165210.jpg,1.7,0,0,Jahanbakhsh,0.2,False,,a,4,36,162,33,0,0,0,0,0,0,Jahanbakhsh,2
87,2,0,95,0.0,,3,167473,0,0,0,0,77.3,0,3,,,0,José Heriberto,0,10,0,30.0,51,False,75.4,789,Knee injury - Unknown return date,2019-06-25T11:30:06.929510Z,55,0,0,0,167473.jpg,2.1,0,0,Izquierdo Mena,0.0,False,,i,4,36,147,31,0,0,0,0,0,0,Izquierdo,1
88,6,2,293,0.0,,3,83543,0,0,0,0,580.8,0,3,,,0,Anthony,0,41,2,131.4,52,False,389.6,1828,Joined Fulham on loan until the end of the season on 21/7. - Expected back 01 Jul,2019-07-21T20:00:14.555249Z,55,0,0,0,83543.jpg,2.5,1,0,Knockaert,0.1,False,,n,4,36,345,74,0,0,0,0,0,0,Knockaert,4
89,0,0,170,0.0,,3,227127,0,0,0,0,213.0,0,3,,,0,Yves,0,32,0,66.8,53,False,253.4,1764,Shoulder injury - Unknown return date,2019-06-25T11:30:06.944296Z,50,0,0,0,227127.jpg,1.5,0,0,Bissouma,0.0,False,,i,4,36,201,43,0,0,0,0,0,0,Bissouma,5
90,1,3,351,,,4,66242,0,0,0,0,279.1,0,3,,,0,Davy,0,45,1,79.2,54,False,389.2,2546,,,50,0,0,0,66242.jpg,2.4,0,0,Pröpper,0.1,False,,a,4,36,121,72,0,0,0,0,0,0,Pröpper,2
91,6,5,342,,,6,109345,0,0,0,0,684.5,0,3,,,0,Solomon,0,40,1,156.6,55,False,474.6,2459,,,50,0,0,0,109345.jpg,2.7,0,0,March,0.6,False,,a,4,36,405,94,0,0,0,0,0,0,March,1
92,1,0,136,,,4,38490,0,0,0,0,59.3,0,3,,,0,Beram,0,17,1,33.6,56,False,224.0,935,,,45,0,0,0,38490.jpg,2.0,0,0,Kayal,0.2,False,,a,4,36,53,36,0,0,0,0,0,0,Kayal,4
93,1,4,404,,,5,40845,0,0,0,0,249.3,0,3,,,0,Dale,0,46,1,83.6,57,False,498.2,2484,,,45,0,0,0,40845.jpg,2.2,1,0,Stephens,3.2,False,,a,4,36,88,65,0,0,0,0,0,0,Stephens,6
94,0,0,0,,,0,116216,0,0,0,0,0.0,0,3,,,0,Leandro,0,0,0,0.0,421,False,0.0,0,,,60,0,0,0,116216.jpg,0.0,0,0,Trossard,0.5,False,,a,4,36,0,0,0,0,0,0,0,0,Trossard,0
95,2,5,572,,,8,51927,0,0,0,0,113.8,0,2,,,0,Ben,0,68,0,123.9,83,False,885.4,3420,,,50,2,0,0,51927.jpg,2.1,0,0,Mee,0.8,False,,a,5,90,238,81,0,0,0,0,0,0,Mee,9
96,2,7,524,,,7,17761,0,0,0,0,69.8,0,2,,,0,James,0,63,3,154.5,84,False,1023.2,3086,,,50,0,0,0,17761.jpg,2.8,0,0,Tarkowski,2.6,False,,a,5,90,450,97,0,0,0,0,0,0,Tarkowski,8
97,0,1,269,,,4,68983,0,0,0,0,158.6,0,2,,,0,Matthew,0,41,0,54.6,85,False,338.0,1748,,,45,0,0,0,68983.jpg,1.6,0,0,Lowton,0.3,False,,a,5,90,48,34,0,0,0,0,0,0,Lowton,7
98,0,0,224,,,4,17997,0,0,0,0,139.6,0,2,,,0,Phil,0,27,0,47.4,86,False,267.8,1670,,,45,1,0,0,17997.jpg,1.7,0,0,Bardsley,0.2,False,,a,5,90,66,33,0,0,0,0,0,0,Bardsley,9
99,1,2,505,,,7,103914,0,0,0,0,268.5,0,2,,,0,Charlie,0,64,0,94.9,87,False,649.4,3240,,,45,0,0,0,103914.jpg,2.2,0,0,Taylor,2.2,False,,a,5,90,30,82,0,0,0,0,0,0,Taylor,2
100,1,0,101,,,1,41674,0,0,0,0,11.6,0,2,,,0,Kevin,0,9,0,16.8,88,False,147.8,513,,,45,0,0,0,41674.jpg,2.7,0,0,Long,0.3,False,,a,5,90,8,16,0,0,0,0,0,0,Long,0
101,0,0,17,,,0,83312,0,0,0,0,0.4,0,2,,,0,Ben,0,3,1,7.6,89,False,42.4,62,,,40,0,0,0,83312.jpg,6.0,0,0,Gibson,3.6,False,,a,5,90,33,6,0,0,0,0,0,0,Gibson,1
102,3,13,394,,,7,44699,0,0,0,0,309.9,0,4,,,0,Ashley,0,41,12,192.9,90,False,581.2,2378,,,65,1,0,0,44699.jpg,3.3,0,0,Barnes,0.9,False,,a,5,90,1042,122,0,0,0,0,0,0,Barnes,8
103,3,17,379,,,7,60689,0,0,0,0,310.3,0,4,,,0,Chris,0,49,10,167.9,91,False,475.8,2580,,,65,0,0,0,60689.jpg,3.4,0,0,Wood,1.1,False,,a,5,90,911,131,0,0,0,0,0,0,Wood,2
104,1,0,61,,,0,81183,0,0,0,0,33.7,0,4,,,0,Matej,0,7,1,21.4,92,False,70.4,310,,,55,0,0,0,81183.jpg,1.6,0,0,Vydra,0.1,False,,a,5,90,114,21,0,0,0,0,0,0,Vydra,1
105,0,0,0,,,0,98747,0,0,0,0,0.0,0,1,,,0,Nick,0,0,0,0.0,93,False,0.0,0,,,45,0,0,0,98747.jpg,0.0,0,0,Pope,3.0,False,,a,5,90,0,0,0,0,0,0,0,0,Pope,0
106,0,4,323,,,4,21205,0,0,0,0,20.1,0,1,,,0,Tom,0,27,0,46.6,94,False,442.8,1710,,,45,0,0,0,21205.jpg,3.1,0,63,Heaton,4.4,False,,a,5,90,4,58,0,0,0,0,0,0,Heaton,3
107,0,7,378,,,4,15749,0,0,0,0,10.1,0,1,,,0,Joe,0,41,0,60.3,95,False,594.6,1710,,,45,0,0,1,15749.jpg,3.6,0,77,Hart,1.8,False,,a,5,90,0,69,0,0,0,0,0,0,Hart,0
108,7,6,339,,,5,60586,0,0,0,0,574.1,0,3,,,0,Johann Berg,0,39,3,141.1,96,False,456.2,1743,,,60,0,0,0,60586.jpg,3.2,0,0,Gudmundsson,0.3,False,,a,5,90,380,92,0,0,0,0,0,0,Gudmundsson,2
109,4,6,305,,,5,433154,0,0,0,0,442.8,0,3,,,0,Dwight,0,25,3,112.5,97,False,405.2,1590,,,60,0,0,0,433154.jpg,3.6,0,0,McNeil,0.4,False,,a,5,90,279,75,0,0,0,0,0,0,McNeil,2
110,1,0,77,,,1,90517,0,0,0,0,194.1,0,3,,,0,Robbie,0,17,0,38.2,98,False,102.0,714,,,55,0,0,0,90517.jpg,1.3,1,0,Brady,0.2,False,,a,5,90,85,20,0,0,0,0,0,0,Brady,3
111,0,0,70,0.0,,0,39847,0,0,0,0,36.6,0,3,,,0,Steven,0,14,0,9.9,99,False,61.4,449,Calf injury - Unknown return date,2019-06-25T11:30:07.038056Z,55,0,0,0,39847.jpg,1.7,0,0,Defour,0.0,False,,i,5,90,0,10,0,0,0,0,0,0,Defour,0
112,2,3,243,,,4,83314,0,0,0,0,205.3,0,3,,,0,Jeff,0,44,2,70.6,100,False,233.8,2058,,,55,0,0,0,83314.jpg,2.3,0,0,Hendrick,0.1,False,,a,5,90,269,73,0,0,0,0,0,0,Hendrick,4
113,8,10,518,,,7,60551,0,0,0,0,643.1,0,3,,,0,Ashley,0,55,2,152.3,101,False,623.0,2821,,,55,0,0,0,60551.jpg,3.3,0,0,Westwood,1.0,False,,a,5,90,253,111,0,0,0,0,0,0,Westwood,5
114,2,0,446,,,8,40145,0,0,0,0,309.7,0,3,,,0,Jack,0,63,1,104.3,102,False,491.4,3312,,,50,0,0,0,40145.jpg,2.4,0,0,Cork,0.3,False,,a,5,90,240,87,0,0,0,0,0,0,Cork,6
115,1,2,133,,,3,17349,0,0,0,0,121.2,0,3,,,0,Aaron,0,22,1,38.0,430,False,151.6,1214,,,50,0,0,0,17349.jpg,2.6,0,0,Lennon,0.1,False,,a,5,90,108,41,0,0,0,0,0,0,Lennon,1
116,0,0,0,,,0,39487,0,0,0,0,0.0,0,2,,,0,Erik,0,0,0,0.0,447,False,0.0,0,,,45,0,0,0,39487.jpg,0.0,0,0,Pieters,0.2,False,,a,5,90,0,0,0,0,0,0,0,0,Pieters,0
117,0,0,0,,,0,44683,0,0,0,0,0.0,0,4,,,0,Jay,0,0,0,0.0,451,False,0.0,0,,,60,0,0,0,44683.jpg,0.0,0,0,Rodriguez,0.4,False,,a,5,90,0,0,0,0,0,0,0,0,Rodriguez,0
118,8,21,702,,,14,82263,0,0,0,0,520.1,0,2,,,0,Marcos,0,28,2,161.7,103,False,619.0,2759,,,65,0,0,0,82263.jpg,5.2,0,0,Alonso,4.6,False,,a,6,8,475,161,0,0,0,0,0,0,Alonso,6
119,2,9,609,0.0,,12,102380,0,0,0,0,143.6,0,2,,,0,Antonio,0,35,1,98.5,104,False,566.8,2871,Knee injury - Unknown return date,2019-06-25T11:30:07.053434Z,60,0,0,0,102380.jpg,3.5,0,0,Rüdiger,0.1,False,,i,6,8,273,116,0,0,0,0,0,0,Rüdiger,7
120,6,11,822,,,16,41328,0,0,0,0,525.1,0,2,,,0,César,0,39,1,163.2,105,False,815.0,3402,,,60,0,0,0,41328.jpg,4.2,0,0,Azpilicueta,10.0,False,,a,6,8,286,158,0,0,0,0,0,0,Azpilicueta,4
121,2,19,794,,,16,41270,0,0,0,0,358.7,0,2,,,0,David,0,36,3,158.0,106,False,859.0,3238,,,60,0,0,0,41270.jpg,4.6,0,0,Luiz Moreira Marinho,9.7,False,,a,6,8,363,164,0,0,0,0,0,0,David Luiz,3
122,0,1,130,,,2,109533,0,0,0,0,113.8,0,2,,,0,Emerson,0,11,0,30.0,107,False,104.6,660,,,55,0,0,0,109533.jpg,2.2,0,0,Palmieri dos Santos,0.7,False,,a,6,8,81,22,0,0,0,0,0,0,Emerson,0
123,0,0,133,,,3,135363,0,0,0,0,8.4,0,2,,,0,Andreas,0,7,0,13.6,108,False,120.6,615,,,50,0,0,0,135363.jpg,2.8,0,0,Christensen,0.7,False,,a,6,8,6,22,0,0,0,0,0,0,Christensen,1
124,0,0,30,,,1,105700,0,0,0,0,14.7,0,2,,,0,Davide,0,0,0,6.1,109,False,17.4,125,,,45,0,0,0,105700.jpg,2.3,0,0,Zappacosta,0.5,False,,a,6,8,29,9,0,0,0,0,0,0,Zappacosta,0
125,4,2,169,,,6,44346,0,0,0,0,253.6,0,4,,,0,Olivier,0,5,2,94.5,110,False,183.2,828,,,70,0,0,0,44346.jpg,2.0,0,0,Giroud,3.0,False,,a,6,8,519,55,0,0,0,0,0,0,Giroud,1
126,0,7,685,,,14,109745,0,0,0,0,0.1,0,1,,,0,Kepa,0,39,0,68.0,111,False,681.0,3240,,,55,0,0,1,109745.jpg,3.9,0,82,Arrizabalaga,6.8,False,,a,6,8,0,142,0,0,0,0,0,0,Kepa,2
127,0,0,45,,,2,20310,0,0,0,0,1.0,0,1,,,0,Willy,0,0,0,2.6,112,False,24.6,180,,,50,0,0,0,20310.jpg,6.5,0,3,Caballero,0.3,False,,a,6,8,0,13,0,0,0,0,0,0,Caballero,0
128,7,6,475,,,11,47431,0,0,0,0,1165.5,0,3,,,0,Willian,0,25,3,246.7,113,False,557.6,2091,,,70,0,0,0,47431.jpg,3.4,0,0,Borges Da Silva,4.0,False,,a,6,8,742,108,0,0,0,0,0,0,Willian,2
129,2,12,440,,,7,49579,0,0,0,0,503.5,0,3,,,0,Pedro,0,19,8,176.5,114,False,530.2,1768,,,70,0,0,0,49579.jpg,3.6,0,0,Rodríguez Ledesma,2.5,False,,a,6,8,733,112,0,0,0,0,0,0,Pedro,2
130,2,6,292,0.0,,5,126187,0,0,0,0,254.9,0,3,,,0,Ruben,0,9,6,99.4,115,False,391.6,980,Achilles injury - Unknown return date,2019-06-25T11:30:07.068350Z,65,0,0,0,126187.jpg,3.3,0,0,Loftus-Cheek,0.2,False,,i,6,8,346,79,0,0,0,0,0,0,Loftus-Cheek,0
131,1,1,83,0.0,,2,209046,0,0,0,0,143.2,0,3,,,0,Callum,0,5,0,36.2,116,False,89.2,388,Achilles injury - Unknown return date,2019-06-25T11:30:07.083018Z,60,0,0,0,209046.jpg,1.8,0,0,Hudson-Odoi,0.6,False,,i,6,8,133,18,0,0,0,0,0,0,Hudson-Odoi,0
132,5,5,300,,,7,88894,0,0,0,0,349.0,0,3,,,0,Ross,0,13,3,110.0,117,False,324.0,1231,,,60,0,0,0,88894.jpg,2.9,0,0,Barkley,1.9,False,,a,6,8,429,79,0,0,0,0,0,0,Barkley,1
133,0,4,577,,,16,85955,0,0,0,0,628.4,0,3,,,0,Jorge Luiz,0,37,2,144.2,118,False,691.4,3156,,,50,0,0,0,85955.jpg,2.6,0,0,Frello Filho,3.3,False,,a,6,8,122,96,0,0,0,0,0,0,Jorginho,8
134,4,3,563,75.0,,14,116594,0,0,0,0,766.3,0,3,,,0,N'Golo,0,38,4,186.4,119,False,683.6,3092,Knee injury - 75% chance of playing,2019-07-22T00:00:07.168993Z,50,0,0,0,116594.jpg,3.2,0,0,Kanté,11.2,False,,d,6,8,412,116,0,0,0,0,0,0,Kanté,3
135,0,0,0,,,0,61603,0,0,0,0,0.0,0,3,,,0,Daniel,0,0,0,0.0,120,False,0.0,0,,,45,0,0,0,61603.jpg,0.0,0,0,Drinkwater,0.7,False,,a,6,8,0,0,0,0,0,0,0,0,Drinkwater,0
136,0,0,0,0.0,,0,199598,0,0,0,0,0.0,0,3,,,0,Ethan,0,0,0,0.0,121,False,0.0,0,Joined RB Leipzig on loan until the end of the season on 22/7. - Expected back 01 Jul,2019-07-22T13:30:07.199042Z,45,0,0,0,199598.jpg,0.0,0,0,Ampadu,0.1,False,,n,6,8,0,0,0,0,0,0,0,0,Ampadu,0
137,0,0,0,,,0,176413,0,0,0,0,0.0,0,3,,,0,Christian,0,0,0,0.0,431,False,0.0,0,,,75,0,0,0,176413.jpg,0.0,0,0,Pulisic,6.8,False,,a,6,8,0,0,0,0,0,0,0,0,Pulisic,0
138,2,2,343,,,9,91651,0,0,0,0,468.8,0,3,,,0,Mateo,0,19,0,109.9,432,False,315.4,1725,,,55,0,0,0,91651.jpg,2.0,0,0,Kovacic,0.8,False,,a,6,8,311,64,0,0,0,0,0,0,Kovacic,3
139,2,12,543,,,10,103192,0,0,0,0,83.7,0,2,,,0,Kurt,0,39,2,88.8,459,False,565.2,2613,,,50,0,0,0,103192.jpg,3.5,1,0,Zouma,0.8,False,,a,6,8,235,112,0,0,0,0,0,0,Zouma,3
140,0,0,0,,,0,173879,0,0,0,0,0.0,0,4,,,0,Tammy,0,0,0,0.0,460,False,0.0,0,,,70,0,0,0,173879.jpg,0.0,0,0,Abraham,1.7,False,,a,6,8,0,0,0,0,0,0,0,0,Abraham,0
141,1,5,159,,,3,94245,0,0,0,0,41.4,0,4,,,0,Michy,0,11,5,64.2,461,False,198.6,748,,,70,0,0,0,94245.jpg,4.4,0,0,Batshuayi,0.6,False,,a,6,8,406,48,0,0,0,0,0,0,Batshuayi,0
142,1,1,161,,,6,167767,0,0,0,0,187.9,0,3,,,0,Robert Kenedy,0,18,1,69.8,462,False,212.8,1337,,,55,0,1,0,167767.jpg,2.0,0,0,Nunes do Nascimento,0.1,False,,a,6,8,297,50,0,0,0,0,0,0,Kenedy,1
143,0,0,0,,,0,184341,0,0,0,0,0.0,0,3,,,0,Mason,0,0,0,0.0,463,False,0.0,0,,,60,0,0,0,184341.jpg,0.0,0,0,Mount,1.1,False,,a,6,8,0,0,0,0,0,0,0,0,Mount,0
144,2,17,626,,,12,74230,0,0,0,0,520.4,0,2,,,0,Patrick,0,46,3,158.7,123,False,616.0,3196,,,55,0,0,0,74230.jpg,3.9,0,0,van Aanholt,7.2,False,,a,7,31,448,140,0,0,0,0,0,0,van Aanholt,3
145,1,0,504,0.0,,10,49413,0,0,0,0,83.0,0,2,,,0,James,0,37,1,92.3,124,False,560.8,2561,Groin Injury - Unknown return date,2019-06-25T11:30:07.097330Z,50,0,0,0,49413.jpg,3.0,0,0,Tomkins,0.0,False,,i,7,31,276,86,0,0,0,0,0,0,Tomkins,6
146,0,13,533,75.0,,9,40784,0,0,0,0,78.2,0,2,,,0,Mamadou,0,35,0,66.6,125,False,540.6,2416,Lack of match fitness - 75% chance of playing,2019-06-25T11:30:07.112991Z,50,0,0,0,40784.jpg,3.3,0,0,Sakho,0.1,False,,d,7,31,47,88,0,0,0,0,0,0,Sakho,2
147,0,0,68,,,0,55494,0,0,0,0,28.9,0,2,,,0,Joel,0,14,1,20.5,126,False,131.8,551,,,45,0,0,0,55494.jpg,1.9,0,0,Ward,0.5,False,,a,7,31,43,13,0,0,0,0,0,0,Ward,1
148,1,0,129,,,2,19188,0,0,0,0,22.5,0,2,,,0,Scott,0,10,0,28.1,127,False,186.2,661,,,45,0,0,0,19188.jpg,2.3,0,0,Dann,0.3,False,,a,7,31,71,23,0,0,0,0,0,0,Dann,1
149,0,1,166,,,3,58786,0,0,0,0,17.1,0,2,,,0,Martin,0,21,0,32.2,128,False,269.8,1110,,,40,1,0,0,58786.jpg,2.0,0,0,Kelly,25.0,False,,a,7,31,34,26,0,0,0,0,0,0,Kelly,2
150,1,3,65,,,3,54861,0,0,0,0,118.4,0,4,,,0,Christian,0,13,1,56.1,129,False,106.0,807,,,60,0,0,0,54861.jpg,2.1,0,0,Benteke,0.9,False,,a,7,31,348,33,0,0,0,0,0,0,Benteke,1
151,1,0,23,,,0,59125,0,0,0,0,41.9,0,4,,,0,Connor,0,1,0,12.0,130,False,23.2,61,,,45,0,0,0,59125.jpg,1.5,0,0,Wickham,3.2,False,,a,7,31,55,9,0,0,0,0,0,0,Wickham,0
152,0,8,378,,,7,40836,0,0,0,0,0.0,0,1,,,0,Vicente,0,23,0,44.8,131,False,448.0,1754,,,50,0,0,0,40836.jpg,4.0,0,64,Guaita,0.7,False,,a,7,31,0,81,0,0,0,0,0,0,Guaita,2
153,0,6,311,,,5,20066,0,0,0,0,0.0,0,1,,,0,Wayne,0,26,0,35.9,132,False,358.8,1575,,,45,0,0,1,20066.jpg,3.7,0,44,Hennessey,1.5,False,,a,7,31,0,67,0,0,0,0,0,0,Hennessey,0
154,11,13,459,,,11,82403,0,0,0,0,753.3,0,3,,,0,Wilfried,0,49,10,270.6,133,False,752.8,3037,,,70,0,0,0,82403.jpg,4.2,1,0,Zaha,27.8,False,,a,7,31,1200,143,0,0,0,0,0,0,Zaha,8
155,2,24,741,,,12,66975,0,0,0,0,910.1,0,3,,,0,Luka,0,53,12,246.3,134,False,1078.2,3420,,,70,0,1,0,66975.jpg,4.4,0,0,Milivojevic,11.9,False,,a,7,31,473,166,0,0,0,0,0,0,Milivojevic,10
156,5,8,520,,,11,60252,0,0,0,0,928.5,0,3,,,0,Andros,0,46,6,229.6,135,False,743.0,3007,,,60,0,0,0,60252.jpg,3.6,0,0,Townsend,3.8,False,,a,7,31,622,135,0,0,0,0,0,0,Townsend,1
157,3,0,223,,,6,141020,0,0,0,0,309.9,0,3,,,0,Max,0,24,1,98.0,136,False,236.0,1405,,,55,0,0,0,141020.jpg,2.1,0,0,Meyer,0.2,False,,a,7,31,433,60,0,0,0,0,0,0,Meyer,3
158,3,3,301,100.0,,4,86417,0,0,0,0,240.5,0,3,,,0,Jeffrey,0,26,4,105.7,137,False,385.2,1660,,2019-06-25T11:30:07.127981Z,55,0,0,0,86417.jpg,3.0,0,0,Schlupp,0.2,False,,a,7,31,430,91,0,0,0,0,0,0,Schlupp,1
159,7,7,500,,,11,50471,0,0,0,0,457.2,0,3,,,0,James,0,49,3,161.3,138,False,666.8,3057,,,55,0,0,0,50471.jpg,3.2,0,0,McArthur,2.1,False,,a,7,31,487,121,0,0,0,0,0,0,McArthur,7
160,3,0,251,,,9,55037,0,0,0,0,198.5,0,3,,,0,Cheikhou,0,30,0,75.6,139,False,337.4,1889,,,50,0,0,0,55037.jpg,2.2,0,0,Kouyaté,0.2,False,,a,7,31,222,67,0,0,0,0,0,0,Kouyaté,3
161,0,0,3,,,0,221275,0,0,0,0,0.6,0,3,,,0,Luke,0,0,0,0.1,140,False,0.2,1,,,45,0,0,0,221275.jpg,1.0,0,0,Dreher,0.1,False,,a,7,31,0,1,0,0,0,0,0,0,Dreher,0
162,3,2,114,,,5,80146,0,0,0,0,207.3,0,4,,,0,Jordan,0,13,1,76.7,468,False,140.2,1176,,,50,0,0,0,80146.jpg,2.3,0,0,Ayew,0.9,False,,a,7,31,421,46,0,0,0,0,0,0,Ayew,3
163,5,22,736,,,13,101188,0,0,0,0,1142.0,0,2,,,0,Lucas,0,38,4,232.7,141,False,883.0,2964,,,60,1,0,0,101188.jpg,4.5,1,0,Digne,27.3,False,,a,8,11,300,158,0,0,0,0,0,0,Digne,5
164,0,2,176,,,3,164511,0,0,0,0,37.5,0,2,,,0,Yerry,0,13,1,29.6,142,False,198.2,891,,,55,0,0,0,164511.jpg,2.8,0,0,Mina,0.6,False,,a,8,11,61,36,0,0,0,0,0,0,Mina,3
165,2,15,642,,,13,106611,0,0,0,0,101.2,0,2,,,0,Michael,0,39,1,117.2,143,False,740.2,2970,,,55,0,0,0,106611.jpg,3.9,0,0,Keane,2.5,False,,a,8,11,326,129,0,0,0,0,0,0,Keane,2
166,2,12,548,,,13,59949,0,0,0,0,387.3,0,2,,,0,Seamus,0,30,2,117.6,144,False,515.2,2558,,,55,1,0,0,59949.jpg,4.3,0,0,Coleman,3.8,False,,a,8,11,274,125,0,0,0,0,0,0,Coleman,1
167,0,0,48,,,0,12745,0,0,0,0,91.4,0,2,,,0,Leighton,0,6,0,15.4,145,False,48.4,374,,,50,0,0,0,12745.jpg,1.2,0,0,Baines,0.5,False,,a,8,11,15,7,0,0,0,0,0,0,Baines,0
168,3,3,166,,,1,66838,0,0,0,0,172.2,0,4,,,0,Cenk,0,17,3,92.8,146,False,212.6,1044,,,60,0,0,0,66838.jpg,2.2,0,0,Tosun,0.3,False,,a,8,11,546,56,0,0,0,0,0,0,Tosun,3
169,5,3,267,,,8,177815,0,0,0,0,185.7,0,4,,,0,Dominic,0,26,6,111.5,147,False,321.8,1769,,,60,0,0,0,177815.jpg,2.6,0,0,Calvert-Lewin,3.7,False,,a,8,11,618,92,0,0,0,0,0,0,Calvert-Lewin,3
170,0,13,706,,,14,111234,0,0,0,0,10.0,0,1,,,0,Jordan,0,46,0,78.5,148,False,776.4,3420,,,55,0,0,3,111234.jpg,4.2,0,94,Pickford,10.2,False,,a,8,11,0,161,0,0,0,0,0,0,Pickford,1
171,0,0,0,,,0,10318,0,0,0,0,0.0,0,1,,,0,Maarten,0,0,0,0.0,149,False,0.0,0,,,40,0,0,0,10318.jpg,0.0,0,0,Stekelenburg,6.0,False,,a,8,11,0,0,0,0,0,0,0,0,Stekelenburg,0
172,3,12,400,,,11,212319,0,0,0,0,350.7,0,3,,,0,Richarlison,0,36,13,224.5,150,False,698.4,2662,,,80,0,0,0,212319.jpg,4.4,1,0,de Andrade,10.0,False,,a,8,11,1209,153,0,0,0,0,0,0,Richarlison,5
173,6,20,662,,,15,55422,0,0,0,0,1098.5,0,3,,,0,Gylfi,0,41,13,314.2,151,False,959.8,3122,,,80,0,3,0,55422.jpg,4.8,0,0,Sigurdsson,15.4,False,,a,8,11,1084,182,0,0,0,0,0,0,Sigurdsson,3
174,4,5,319,,,13,100649,0,0,0,0,589.6,0,3,,,0,Bernard,0,19,1,133.3,152,False,366.0,2108,,,65,0,0,0,100649.jpg,2.6,0,0,Anício Caldeira Duarte,0.5,False,,a,8,11,377,88,0,0,0,0,0,0,Bernard,5
175,3,4,292,,,6,20467,0,0,0,0,342.9,0,3,,,0,Theo,0,33,5,145.7,153,False,420.0,2108,,,65,0,0,0,20467.jpg,2.7,0,0,Walcott,0.8,False,,a,8,11,699,101,0,0,0,0,0,0,Walcott,1
176,0,0,127,,,2,173807,0,0,0,0,96.2,0,3,,,0,Tom,0,19,0,32.1,154,False,122.6,975,,,55,0,0,0,173807.jpg,1.6,0,0,Davies,0.2,False,,a,8,11,103,26,0,0,0,0,0,0,Davies,3
177,3,0,110,0.0,,1,219352,0,0,0,0,172.1,0,3,,,0,Ademola,0,8,0,51.6,155,False,131.4,600,Joined RB Leipzig on a permanent deal on 25/7. - Unknown return date,2019-07-25T09:00:14.381716Z,50,0,0,0,219352.jpg,1.6,0,0,Lookman,0.1,False,,n,8,11,211,34,0,0,0,0,0,0,Lookman,0
178,2,0,472,,,13,80801,0,0,0,0,311.3,0,3,,,0,Idrissa,0,31,0,111.1,156,False,629.2,2821,,,50,0,0,0,80801.jpg,2.4,0,0,Gueye,0.3,False,,a,8,11,168,78,0,0,0,0,0,0,Gueye,6
179,0,0,3,,,0,50472,0,0,0,0,0.1,0,3,,,0,James,0,0,0,0.5,157,False,5.2,14,,,45,0,0,0,50472.jpg,1.0,0,0,McCarthy,0.4,False,,a,8,11,0,1,0,0,0,0,0,0,McCarthy,0
180,1,0,152,,,5,42774,0,0,0,0,124.7,0,3,,,0,Morgan,0,9,0,29.4,158,False,151.6,832,,,45,0,0,0,42774.jpg,2.0,0,0,Schneiderlin,0.9,False,,a,8,11,17,28,0,0,0,0,0,0,Schneiderlin,2
181,1,2,186,,,3,41823,0,0,0,0,97.8,0,2,,,0,Fabian,0,9,0,27.5,205,False,153.8,722,,,55,0,0,0,41823.jpg,2.6,1,0,Delph,1.6,False,,a,8,11,24,29,0,0,0,0,0,0,Delph,1
182,2,2,268,,,9,120250,0,0,0,0,154.6,0,3,,,0,André Filipe,0,28,1,63.1,422,False,268.4,1977,,,55,0,0,0,120250.jpg,2.4,0,0,Tavares Gomes,1.3,False,,a,8,11,207,64,0,0,0,0,0,0,André Gomes,7
183,8,22,693,,,10,111931,0,0,0,0,517.6,0,2,,,0,Ricardo Domingos,0,45,2,183.7,159,False,889.0,3123,,,60,0,0,0,111931.jpg,4.2,0,0,Barbosa Pereira,7.8,False,,a,9,13,430,146,0,0,0,0,0,0,Pereira,7
184,1,10,533,,,6,95658,0,0,0,0,165.3,0,2,,,0,Harry,0,41,3,134.3,160,False,715.8,2596,,,55,0,0,0,95658.jpg,3.0,1,0,Maguire,10.9,False,,a,9,13,462,92,0,0,0,0,0,0,Maguire,6
185,5,8,578,,,10,172850,0,0,0,0,674.6,0,2,,,0,Benjamin,0,43,0,170.0,161,False,721.0,3240,,,55,0,0,0,172850.jpg,3.3,0,0,Chilwell,6.0,False,,a,9,13,298,118,0,0,0,0,0,0,Chilwell,4
186,0,3,418,,,8,37642,0,0,0,0,66.1,0,2,,,0,Jonny,0,26,1,68.5,162,False,460.0,1993,,,50,0,0,0,37642.jpg,3.2,0,0,Evans,0.6,False,,a,9,13,158,77,0,0,0,0,0,0,Evans,2
187,0,0,38,,,0,37402,0,0,0,0,85.6,0,2,,,0,Christian,0,5,0,14.9,163,False,50.4,206,,,45,0,0,0,37402.jpg,1.0,0,0,Fuchs,0.4,False,,a,9,13,14,3,0,0,0,0,0,0,Fuchs,0
188,0,0,48,,,0,218031,0,0,0,0,6.8,0,2,,,0,Çaglar,0,4,0,10.6,164,False,76.6,371,,,45,0,0,0,218031.jpg,1.5,0,0,Söyüncü,0.2,False,,a,9,13,22,9,0,0,0,0,0,0,Söyüncü,1
189,0,7,365,,,6,15033,0,0,0,0,40.1,0,2,,,0,Wes,0,28,3,80.5,165,False,471.0,1924,,,45,0,0,0,15033.jpg,3.5,2,0,Morgan,1.3,False,,a,9,13,293,76,0,0,0,0,0,0,Morgan,1
190,5,31,598,,,11,101668,0,0,0,0,419.9,0,4,,,0,Jamie,0,36,18,244.6,166,False,822.0,2726,,,90,0,1,0,101668.jpg,5.1,1,0,Vardy,10.6,False,,a,9,13,1206,174,0,0,0,0,0,0,Vardy,3
191,5,3,160,,,1,173515,0,0,0,0,209.4,0,4,,,0,Kelechi,0,16,1,56.9,167,False,135.8,924,,,60,0,0,0,173515.jpg,1.9,0,0,Iheanacho,0.4,False,,a,9,13,230,58,0,0,0,0,0,0,Iheanacho,2
192,0,6,618,,,10,17745,0,0,0,0,10.0,0,1,,,0,Kasper,0,48,0,76.9,168,False,756.8,3420,,,50,0,0,0,17745.jpg,3.2,0,90,Schmeichel,5.5,False,,a,9,13,4,120,0,0,0,0,0,0,Schmeichel,3
193,0,0,0,,,0,11974,0,0,0,0,0.0,0,1,,,0,Eldin,0,0,0,0.0,169,False,0.0,0,,,45,0,0,0,11974.jpg,0.0,0,0,Jakupovic,0.2,False,,a,9,13,0,0,0,0,0,0,0,0,Jakupovic,0
194,0,0,0,,,0,95463,0,0,0,0,0.0,0,1,,,0,Danny,0,0,0,0.0,170,False,0.0,0,,,45,0,0,0,95463.jpg,0.0,0,0,Ward,0.3,False,,a,9,13,0,0,0,0,0,0,0,0,Ward,0
195,7,12,619,,,8,172780,0,0,0,0,1515.0,0,3,,,0,James,0,44,7,308.4,171,False,801.4,2831,,,70,0,1,0,172780.jpg,3.8,1,0,Maddison,13.7,False,,a,9,13,769,137,0,0,0,0,0,0,Maddison,3
196,3,1,139,,,1,201666,0,0,0,0,242.0,0,3,,,0,Harvey,0,16,1,94.8,172,False,172.8,1001,,,60,0,0,0,201666.jpg,2.7,0,0,Barnes,0.3,False,,a,9,13,534,43,0,0,0,0,0,0,Barnes,0
197,0,2,112,,,1,115858,0,0,0,0,307.0,0,3,,,0,Rachid,0,13,1,68.3,173,False,147.8,733,,,55,0,0,0,115858.jpg,1.5,0,0,Ghezzal,0.1,False,,a,9,13,228,28,0,0,0,0,0,0,Ghezzal,3
198,2,4,279,,,5,51938,0,0,0,0,446.8,0,3,,,0,Marc,0,17,2,106.1,174,False,371.2,1617,,,55,0,0,0,51938.jpg,2.3,0,0,Albrighton,0.3,False,,a,9,13,242,63,0,0,0,0,0,0,Albrighton,3
199,1,3,244,,,6,172632,0,0,0,0,310.2,0,3,,,0,Demarai,0,29,4,122.5,175,False,320.2,1978,,,55,0,0,0,172632.jpg,2.5,0,0,Gray,0.7,False,,a,9,13,599,84,0,0,0,0,0,0,Gray,2
200,0,4,571,,,9,203341,0,0,0,0,342.4,0,3,,,0,Wilfred,0,47,2,141.6,176,False,726.0,3295,,,50,0,0,0,203341.jpg,2.3,0,0,Ndidi,1.0,False,,a,9,13,346,89,0,0,0,0,0,0,Ndidi,8
201,0,0,0,,,0,61604,0,0,0,0,0.0,0,3,,,0,Matty,0,0,0,0.0,177,False,0.0,0,,,45,0,0,0,61604.jpg,0.0,0,0,James,0.3,False,,a,9,13,0,0,0,0,0,0,0,0,James,0
202,0,0,103,100.0,,1,155569,0,0,0,0,46.7,0,3,,,0,Daniel,0,9,0,20.8,178,False,139.0,639,,2019-06-25T11:30:07.144362Z,45,0,0,0,155569.jpg,1.7,0,0,Amartey,0.2,False,,a,9,13,21,15,0,0,0,0,0,0,Amartey,2
203,1,0,291,,,7,86881,0,0,0,0,135.5,0,3,,,0,Nampalys,0,29,0,39.5,179,False,235.8,2085,,,45,0,0,0,86881.jpg,1.9,0,0,Mendy,2.7,False,,a,9,13,23,58,0,0,0,0,0,0,Mendy,5
204,0,0,80,,,4,197469,0,0,0,0,73.7,0,3,,,0,Hamza,0,4,0,24.6,180,False,119.6,593,,,45,0,0,0,197469.jpg,2.2,0,0,Choudhury,0.6,False,,a,9,13,51,20,0,0,0,0,0,0,Choudhury,0
205,2,19,541,,,11,168580,0,0,0,0,585.6,0,3,,,0,Ayoze,0,35,12,232.1,265,False,783.6,2916,,,65,0,0,0,168580.jpg,3.8,0,0,Pérez,11.9,False,,a,9,13,954,141,0,0,0,0,0,0,Pérez,2
206,0,0,0,,,0,220627,0,0,0,0,0.0,0,2,,,0,James,0,0,0,0.0,433,False,0.0,0,,,50,0,0,0,220627.jpg,0.0,0,0,Justin,0.2,False,,a,9,13,0,0,0,0,0,0,0,0,Justin,0
207,5,6,267,,,3,166989,0,0,0,0,269.7,0,3,,,0,Youri,0,14,3,81.8,448,False,299.0,1087,,,65,0,0,0,166989.jpg,4.8,0,0,Tielemans,6.8,False,,a,9,13,249,63,0,0,0,0,0,0,Tielemans,2
208,12,29,906,,,21,122798,0,0,0,0,767.2,0,2,,,0,Andrew,0,20,0,183.6,181,False,748.8,3216,,,70,0,0,0,122798.jpg,5.9,0,0,Robertson,35.8,False,,a,10,14,318,213,0,0,0,0,0,0,Robertson,4
209,13,25,753,,,16,169187,0,0,0,0,837.4,0,2,,,0,Trent,0,14,1,184.7,182,False,734.4,2460,,,70,0,0,0,169187.jpg,6.4,0,0,Alexander-Arnold,28.6,False,,a,10,14,276,185,0,0,0,0,0,0,Alexander-Arnold,3
210,4,22,932,,,20,97032,0,0,0,0,111.1,0,2,,,0,Virgil,0,22,4,156.1,183,False,993.6,3384,,,65,0,0,0,97032.jpg,5.5,0,0,van Dijk,44.4,False,,a,10,14,455,208,0,0,0,0,0,0,van Dijk,1
211,0,2,268,,,7,171287,0,0,0,0,92.1,0,2,,,0,Joseph,0,4,0,34.7,184,False,209.8,1059,,,55,0,0,0,171287.jpg,3.4,0,0,Gomez,1.5,False,,a,10,14,44,55,0,0,0,0,0,0,Gomez,2
212,0,7,402,,,9,60914,0,0,0,0,57.9,0,2,,,0,Joel,0,12,1,55.9,185,False,414.6,1535,,,55,0,0,0,60914.jpg,3.8,0,0,Matip,0.9,False,,a,10,14,85,83,0,0,0,0,0,0,Matip,3
213,1,9,258,,,6,38454,0,0,0,0,29.1,0,2,,,0,Dejan,0,7,1,35.7,186,False,255.8,986,,,55,0,0,0,38454.jpg,4.8,0,0,Lovren,0.3,False,,a,10,14,72,63,0,0,0,0,0,0,Lovren,1
214,8,24,647,,,19,92217,0,0,0,0,670.1,0,4,,,0,Roberto,0,15,12,267.8,187,False,774.8,2606,,,95,0,0,0,92217.jpg,4.7,0,0,Firmino,8.6,False,,a,10,14,1240,160,0,0,0,0,0,0,Firmino,0
215,1,1,122,,,3,152760,0,0,0,0,45.0,0,4,,,0,Divock,0,2,3,38.2,188,False,143.4,364,,,55,0,0,0,152760.jpg,2.7,0,0,Origi,2.7,False,,a,10,14,195,32,0,0,0,0,0,0,Origi,0
216,0,9,771,,,21,116535,0,0,0,0,0.1,0,1,,,0,Alisson,0,22,0,67.6,189,False,677.0,3420,,,60,0,0,0,116535.jpg,4.6,0,76,Ramses Becker,33.0,False,,a,10,14,0,176,0,0,0,0,0,0,Alisson,1
217,0,0,0,,,0,66797,0,0,0,0,0.0,0,1,,,0,Simon,0,0,0,0.0,190,False,0.0,0,,,45,0,0,0,66797.jpg,0.0,0,0,Mignolet,0.2,False,,a,10,14,0,0,0,0,0,0,0,0,Mignolet,0
218,12,18,687,,,21,118748,0,0,0,0,973.9,0,3,,,0,Mohamed,0,20,22,432.7,191,False,1186.8,3254,,,125,0,0,0,118748.jpg,6.8,0,0,Salah,36.4,False,,a,10,14,2168,259,0,0,0,0,0,0,Salah,1
219,3,24,703,,,19,110979,0,0,0,0,692.8,0,3,,,0,Sadio,0,21,22,304.0,192,False,1015.8,3076,,,115,0,0,0,110979.jpg,6.4,0,0,Mané,21.4,False,,a,10,14,1332,231,0,0,0,0,0,0,Mané,2
220,0,0,7,,,0,81880,0,0,0,0,10.8,0,3,,,0,Alex,0,0,0,4.0,193,False,10.2,19,,,65,0,0,0,81880.jpg,1.0,0,0,Oxlade-Chamberlain,0.7,False,,a,10,14,19,2,0,0,0,0,0,0,Chamberlain,0
221,5,4,302,75.0,,7,68312,0,0,0,0,344.7,0,3,,,0,Xherdan,0,6,6,99.1,194,False,363.6,1052,Calf injury - 75% chance of playing,2019-07-15T10:00:11.336279Z,65,0,0,0,68312.jpg,3.7,0,0,Shaqiri,0.2,False,,d,10,14,282,88,0,0,0,0,0,0,Shaqiri,2
222,1,0,96,,,3,39155,0,0,0,0,139.0,0,3,,,0,Adam,0,3,0,33.8,195,False,85.4,460,,,60,0,0,0,39155.jpg,1.8,0,0,Lallana,0.1,False,,a,10,14,113,23,0,0,0,0,0,0,Lallana,1
223,1,3,246,,,10,175592,0,0,0,0,213.1,0,3,,,0,Naby,0,8,2,86.3,196,False,293.6,1385,,,60,0,0,0,175592.jpg,2.7,0,0,Keita,0.5,False,,a,10,14,356,67,0,0,0,0,0,0,Keita,0
224,2,0,305,,,11,116643,0,0,0,0,283.4,0,3,,,0,Fabio Henrique,0,14,1,86.4,197,False,406.2,2011,,,55,0,0,0,116643.jpg,2.3,0,0,Tavares,0.8,False,,a,10,14,173,65,0,0,0,0,0,0,Fabinho,6
225,3,2,397,,,12,56979,0,0,0,0,311.7,0,3,,,0,Jordan,0,14,1,85.4,198,False,358.8,1976,,,55,0,0,0,56979.jpg,2.4,1,0,Henderson,0.6,False,,a,10,14,182,76,0,0,0,0,0,0,Henderson,1
226,1,9,470,,,18,41733,0,0,0,0,405.2,0,3,,,0,Georginio,0,16,3,118.4,199,False,437.6,2723,,,55,0,0,0,41733.jpg,3.1,0,0,Wijnaldum,2.3,False,,a,10,14,338,108,0,0,0,0,0,0,Wijnaldum,3
227,5,12,448,,,9,15157,0,0,0,0,725.2,0,3,,,0,James,0,13,5,169.2,200,False,587.2,1778,,,55,0,0,0,15157.jpg,3.3,1,0,Milner,1.1,False,,a,10,14,374,101,0,0,0,0,0,0,Milner,5
228,0,0,3,0.0,,0,217989,0,0,0,0,0.0,0,3,,,0,Rafael,0,1,0,0.2,201,False,2.0,1,Joined Sporting CP on a permanent deal on 27/6. - Unknown return date,2019-07-02T09:00:13.203360Z,45,0,0,0,217989.jpg,1.0,0,0,Camacho,0.0,False,,n,10,14,0,1,0,0,0,0,0,0,Camacho,0
229,0,0,0,,,0,195473,0,0,0,0,0.0,0,4,,,0,Rhian,0,0,0,0.0,464,False,0.0,0,,,45,0,0,0,195473.jpg,0.0,0,0,Brewster,0.5,False,,a,10,14,0,0,0,0,0,0,0,0,Brewster,0
230,3,16,768,,,18,146941,0,0,0,0,239.3,0,2,,,0,Aymeric,0,21,3,131.2,202,False,790.0,3056,,,65,0,0,0,146941.jpg,5.1,0,0,Laporte,20.6,False,,a,11,43,278,177,0,0,0,0,0,0,Laporte,3
231,1,11,684,,,18,58621,0,0,0,0,448.4,0,2,,,0,Kyle,0,17,1,113.1,203,False,498.8,2776,,,60,0,0,0,58621.jpg,4.5,0,0,Walker,15.5,False,,a,11,43,183,150,0,0,0,0,0,0,Walker,3
232,6,6,262,25.0,,4,102826,0,0,0,0,222.7,0,2,,,0,Benjamin,0,6,0,54.2,204,False,250.8,900,Knee injury - 25% chance of playing,2019-07-19T08:30:13.863724Z,60,0,0,0,102826.jpg,5.9,0,0,Mendy,3.0,False,,d,11,43,70,59,0,0,0,0,0,0,Mendy,1
233,3,1,230,,,9,206325,0,0,0,0,278.6,0,2,,,0,Oleksandr,0,4,0,63.5,206,False,279.2,1151,,,55,0,0,0,206325.jpg,3.1,0,0,Zinchenko,5.6,False,,a,11,43,77,44,0,0,0,0,0,0,Zinchenko,1
234,0,9,431,,,9,97299,0,0,0,0,115.5,0,2,,,0,John,0,15,0,54.1,207,False,376.6,1761,,,55,0,0,0,97299.jpg,3.5,0,0,Stones,2.3,False,,a,11,43,49,83,0,0,0,0,0,0,Stones,1
235,0,5,335,,,9,57410,0,0,0,0,53.7,0,2,,,0,Nicolás,0,7,0,47.8,208,False,281.2,1233,,,55,0,0,0,57410.jpg,3.9,0,0,Otamendi,1.0,False,,a,11,43,143,70,0,0,0,0,0,0,Otamendi,1
236,0,7,202,,,4,100180,0,0,0,0,118.0,0,2,,,0,Danilo Luiz,0,7,1,38.2,209,False,165.2,805,,,50,0,0,0,100180.jpg,4.2,0,0,da Silva,0.3,False,,a,11,43,99,46,0,0,0,0,0,0,Danilo,1
237,11,26,740,,,17,37572,0,0,0,0,523.7,0,4,,,0,Sergio,0,15,21,315.4,210,False,946.6,2457,,,120,0,0,0,37572.jpg,6.1,0,0,Agüero,21.7,False,,a,11,43,1685,201,0,0,0,0,0,0,Agüero,4
238,3,7,259,,,2,205651,0,0,0,0,300.5,0,4,,,0,Gabriel Fernando,0,11,7,156.3,211,False,395.2,1017,,,95,0,0,0,205651.jpg,2.7,0,0,de Jesus,2.1,False,,a,11,43,864,79,0,0,0,0,0,0,Jesus,1
239,1,6,700,,,20,121160,0,0,0,0,33.0,0,1,,,0,Ederson,0,23,0,56.8,212,False,535.2,3420,,,60,0,0,0,121160.jpg,4.4,0,58,Santana de Moraes,17.9,False,,a,11,43,0,169,0,0,0,0,0,0,Ederson,2
240,0,0,0,100.0,,0,33148,0,0,0,0,0.0,0,1,,,0,Claudio,0,0,0,0.0,213,False,0.0,0,,2019-06-25T11:30:07.160148Z,50,0,0,0,33148.jpg,0.0,0,0,Bravo,0.2,False,,a,11,43,0,0,0,0,0,0,0,0,Bravo,0
241,15,25,743,,,17,103955,0,0,0,0,937.4,0,3,,,0,Raheem,0,19,17,357.1,214,False,1060.0,2770,,,120,0,0,0,103955.jpg,6.9,0,0,Sterling,28.2,False,,a,11,43,1572,234,0,0,0,0,0,0,Sterling,3
242,3,8,268,,,6,61366,0,0,0,0,562.3,0,3,,,0,Kevin,0,3,2,117.9,215,False,301.4,968,,,95,0,0,0,61366.jpg,3.1,0,0,De Bruyne,14.8,False,,a,11,43,317,59,0,0,0,0,0,0,De Bruyne,2
243,12,13,520,,,9,182156,0,0,0,0,645.0,0,3,,,0,Leroy,0,14,10,240.3,216,False,716.8,1857,,,95,0,0,0,182156.jpg,5.0,0,0,Sané,3.2,False,,a,11,43,1039,156,0,0,0,0,0,0,Sané,1
244,4,14,349,,,4,103025,0,0,0,0,450.8,0,3,,,0,Riyad,0,9,7,164.1,217,False,459.4,1331,,,85,0,1,0,103025.jpg,3.8,0,0,Mahrez,1.2,False,,a,11,43,731,102,0,0,0,0,0,0,Mahrez,0
245,8,17,649,,,15,165809,0,0,0,0,1026.3,0,3,,,0,Bernardo Mota,0,22,7,289.6,218,False,796.4,2849,,,80,0,0,0,165809.jpg,4.3,0,0,Veiga de Carvalho e Silva,26.7,False,,a,11,43,1069,154,0,0,0,0,0,0,Bernardo Silva,3
246,8,14,614,,,16,20664,0,0,0,0,1150.3,0,3,,,0,David,0,14,6,295.8,219,False,715.2,2399,,,75,0,0,0,20664.jpg,4.3,0,0,Silva,3.5,False,,a,11,43,1092,143,0,0,0,0,0,0,David Silva,2
247,0,3,93,,,2,209244,0,0,0,0,133.8,0,3,,,0,Phil,0,0,1,42.6,220,False,85.0,328,,,55,0,0,0,209244.jpg,1.9,0,0,Foden,0.9,False,,a,11,43,208,25,0,0,0,0,0,0,Foden,0
248,3,4,444,,,12,27789,0,0,0,0,396.8,0,3,,,0,Fernando,0,15,1,114.2,221,False,534.6,2375,,,55,0,0,0,27789.jpg,2.7,0,0,Luiz Rosa,1.2,False,,a,11,43,208,79,0,0,0,0,0,0,Fernandinho,5
249,3,10,528,,,13,59859,0,0,0,0,819.7,0,3,,,0,Ilkay,0,15,6,181.6,222,False,548.8,2129,,,55,0,0,0,59859.jpg,3.6,0,0,Gündogan,3.0,False,,a,11,43,447,113,0,0,0,0,0,0,Gündogan,3
250,0,0,0,,,0,145235,0,0,0,0,0.0,0,2,,,0,José Ángel,0,0,0,0.0,440,False,0.0,0,,,50,0,0,0,145235.jpg,0.0,0,0,Esmorís Tasende,0.5,False,,a,11,43,0,0,0,0,0,0,0,0,Angeliño,0
251,0,0,0,,,0,220566,0,0,0,0,0.0,0,3,,,0,Rodrigo,0,0,0,0.0,443,False,0.0,0,,,55,0,0,0,220566.jpg,0.0,0,0,Hernandez,1.0,False,,a,11,43,0,0,0,0,0,0,0,0,Rodrigo,0
252,3,18,672,,,12,214590,0,0,0,0,266.8,0,2,,,0,Aaron,0,47,0,127.1,122,False,863.4,3134,,,55,0,0,0,214590.jpg,3.4,1,0,Wan-Bissaka,35.3,False,,a,12,1,139,120,0,0,0,0,0,0,Wan-Bissaka,4
253,0,3,335,,,4,55909,0,0,0,0,31.0,0,2,,,0,Chris,0,36,1,66.0,223,False,453.4,2127,,,55,1,0,0,55909.jpg,2.3,0,0,Smalling,0.3,False,,a,12,1,176,56,0,0,0,0,0,0,Smalling,1
254,3,4,450,,,4,18892,0,0,0,0,650.5,0,2,,,0,Ashley,0,44,2,133.0,224,False,554.4,2568,,,55,0,0,0,18892.jpg,2.4,1,0,Young,0.4,False,,a,12,1,124,73,0,0,0,0,0,0,Young,8
255,1,9,527,,,6,184667,0,0,0,0,75.3,0,2,,,0,Victor,0,40,1,72.8,225,False,533.0,2600,,,55,1,0,0,184667.jpg,2.8,0,0,Lindelöf,1.4,False,,a,12,1,118,85,0,0,0,0,0,0,Lindelöf,1
256,5,11,489,,,6,106760,0,0,0,0,505.6,0,2,,,0,Luke,0,39,1,138.1,226,False,586.2,2591,,,55,0,0,0,106760.jpg,3.1,0,0,Shaw,2.3,False,,a,12,1,287,91,0,0,0,0,0,0,Shaw,11
257,0,0,15,,,0,58893,0,0,0,0,3.1,0,2,,,0,Marcos,0,5,0,10.9,227,False,42.2,209,,,50,1,0,0,58893.jpg,0.4,0,0,Rojo,0.2,False,,a,12,1,63,2,0,0,0,0,0,0,Rojo,2
258,0,0,109,25.0,,1,197365,0,0,0,0,3.4,0,2,,,0,Eric,0,13,0,16.5,228,False,125.0,636,Knee injury - 25% chance of playing,2019-07-26T12:00:09.210610Z,50,0,0,0,197365.jpg,1.3,1,0,Bailly,0.2,False,,d,12,1,35,16,0,0,0,0,0,0,Bailly,0
259,2,0,171,,,1,216051,0,0,0,0,259.0,0,2,,,0,José Diogo,0,18,0,53.7,229,False,184.4,1009,,,50,0,0,0,216051.jpg,1.7,0,0,Dalot Teixeira,0.3,False,,a,12,1,94,27,0,0,0,0,0,0,Dalot,3
260,0,2,83,,,1,40002,0,0,0,0,34.9,0,2,,,0,Matteo,0,8,0,12.6,230,False,84.2,443,,,50,0,0,0,40002.jpg,2.3,0,0,Darmian,0.1,False,,a,12,1,7,14,0,0,0,0,0,0,Darmian,0
261,1,3,273,,,3,76359,0,0,0,0,44.8,0,2,,,0,Phil,0,17,0,39.0,231,False,300.8,1261,,,50,0,0,0,76359.jpg,2.4,0,0,Jones,0.2,False,,a,12,1,42,43,0,0,0,0,0,0,Jones,1
262,1,14,361,,,4,66749,0,0,0,0,330.2,0,4,,,0,Romelu,0,38,12,193.5,232,False,550.6,2126,,,85,0,0,0,66749.jpg,3.6,0,0,Lukaku,3.1,False,,a,12,1,1052,115,0,0,0,0,0,0,Lukaku,4
263,7,14,425,,,6,176297,0,0,0,0,542.3,0,4,,,0,Marcus,0,35,10,224.6,233,False,650.0,2331,,,85,0,0,0,176297.jpg,3.9,1,0,Rashford,16.7,False,,a,12,1,1064,128,0,0,0,0,0,0,Rashford,3
264,0,0,12,,,0,220688,0,0,0,0,43.3,0,4,,,0,Mason,0,2,0,15.7,234,False,24.0,115,,,45,0,0,0,220688.jpg,1.3,0,0,Greenwood,13.4,False,,a,12,1,90,4,0,0,0,0,0,0,Greenwood,0
265,0,7,636,,,7,51940,0,0,0,0,0.0,0,1,,,0,David,0,54,0,84.5,235,False,846.0,3420,,,55,0,0,0,51940.jpg,3.2,0,123,de Gea,9.8,False,,a,12,1,0,120,0,0,0,0,0,0,de Gea,1
266,0,0,0,,,0,42899,0,0,0,0,0.0,0,1,,,0,Sergio,0,0,0,0.0,236,False,0.0,0,,,50,0,0,0,42899.jpg,0.0,0,0,Romero,0.3,False,,a,12,1,0,0,0,0,0,0,0,0,Romero,0
267,0,0,0,,,0,6744,0,0,0,0,0.0,0,1,,,0,Lee,0,0,0,0.0,237,False,0.0,0,,,50,0,0,0,6744.jpg,0.0,0,0,Grant,0.2,False,,a,12,1,0,0,0,0,0,0,0,0,Grant,0
268,10,19,648,,,8,74208,0,0,0,0,822.3,0,3,,,0,Paul,0,43,13,316.9,238,False,1096.8,3007,,,85,0,3,0,74208.jpg,5.1,0,0,Pogba,9.9,False,,a,12,1,1246,179,0,0,0,0,0,0,Pogba,6
269,4,13,389,,,5,148225,0,0,0,0,503.3,0,3,,,0,Anthony,0,25,10,178.9,239,False,532.8,1613,,,75,0,0,0,148225.jpg,4.5,0,0,Martial,3.7,False,,a,12,1,755,122,0,0,0,0,0,0,Martial,2
270,5,1,168,,,2,37265,0,0,0,0,297.2,0,3,,,0,Alexis,0,10,1,81.1,240,False,207.6,869,,,70,0,0,0,37265.jpg,2.4,0,0,Sánchez,3.3,False,,a,12,1,307,47,0,0,0,0,0,0,Sánchez,3
271,3,5,270,,,3,109322,0,0,0,0,306.1,0,3,,,0,Jesse,0,26,4,101.1,241,False,310.0,1657,,,65,0,0,0,109322.jpg,2.9,0,0,Lingard,1.1,False,,a,12,1,395,78,0,0,0,0,0,0,Lingard,3
272,4,7,274,,,5,43670,0,0,0,0,464.0,0,3,,,0,Juan,0,15,3,98.6,242,False,258.4,1284,,,65,0,0,0,43670.jpg,3.2,0,0,Mata,0.4,False,,a,12,1,262,70,0,0,0,0,0,0,Mata,3
273,0,0,0,,,0,200617,0,0,0,0,0.0,0,3,,,0,Daniel,0,0,0,0.0,243,False,0.0,0,,,60,0,0,0,200617.jpg,0.0,0,0,James,3.6,False,,a,12,1,0,0,0,0,0,0,0,0,James,0
274,2,3,180,,,1,101582,0,0,0,0,203.2,0,3,,,0,Frederico,0,19,1,46.9,244,False,177.6,1039,,,55,0,0,0,101582.jpg,2.4,0,0,Rodrigues de Paula Santos,0.2,False,,a,12,1,87,40,0,0,0,0,0,0,Fred,2
275,0,0,4,,,0,209041,0,0,0,0,2.3,0,3,,,0,Angel,0,1,0,2.6,245,False,5.2,25,,,50,0,0,0,209041.jpg,1.0,0,0,Gomes,0.2,False,,a,12,1,18,2,0,0,0,0,0,0,Gomes,0
276,1,2,115,,,1,156689,0,0,0,0,139.5,0,3,,,0,Andreas,0,13,1,33.8,246,False,132.8,590,,,50,0,0,0,156689.jpg,1.8,0,0,Pereira,0.2,False,,a,12,1,67,27,0,0,0,0,0,0,Pereira,5
277,0,2,371,,,6,62398,0,0,0,0,247.9,0,3,,,0,Nemanja,0,37,1,90.9,247,False,477.6,2437,,,50,0,0,0,62398.jpg,2.1,1,0,Matic,0.5,False,,a,12,1,183,59,0,0,0,0,0,0,Matic,6
278,0,4,152,,,1,195851,0,0,0,0,33.1,0,3,,,0,Scott,0,18,2,38.8,248,False,175.4,862,,,50,0,0,0,195851.jpg,2.4,0,0,McTominay,0.5,False,,a,12,1,180,38,0,0,0,0,0,0,McTominay,1
279,0,0,3,,,0,222677,0,0,0,0,2.1,0,3,,,0,Tahith,0,1,0,4.7,249,False,6.2,37,,,45,0,0,0,222677.jpg,1.0,0,0,Chong,0.3,False,,a,12,1,39,2,0,0,0,0,0,0,Chong,0
280,0,0,3,,,0,232928,0,0,0,0,0.0,0,3,,,0,James,0,0,0,0.0,250,False,0.0,1,,,45,0,0,0,232928.jpg,1.0,0,0,Garner,0.1,False,,a,12,1,0,1,0,0,0,0,0,0,Garner,0
281,8,7,504,,,10,56983,0,0,0,0,973.8,0,2,,,0,Matt,0,40,2,213.6,251,False,712.4,2927,,,55,0,1,0,56983.jpg,3.1,0,0,Ritchie,2.1,False,,a,13,4,448,110,0,0,0,0,0,0,Ritchie,9
282,1,9,403,,,7,119471,0,0,0,0,148.6,0,2,,,0,Fabian,0,23,4,103.8,252,False,669.4,2000,,,50,0,0,0,119471.jpg,3.9,0,0,Schär,2.2,False,,a,13,4,220,93,0,0,0,0,0,0,Schär,12
283,2,1,325,0.0,,5,151119,0,0,0,0,406.3,0,2,,,0,DeAndre,0,41,1,95.8,253,False,436.4,2472,Groin Injury - Unknown return date,2019-06-25T11:30:07.199276Z,45,1,0,0,151119.jpg,2.2,1,0,Yedlin,0.1,False,,i,13,4,113,63,0,0,0,0,0,0,Yedlin,6
284,2,5,277,,,3,57145,0,0,0,0,63.7,0,2,,,0,Federico,0,24,0,48.5,254,False,350.0,1482,,,45,0,0,0,57145.jpg,2.5,0,0,Fernández,0.2,False,,a,13,4,70,47,0,0,0,0,0,0,Fernández,2
285,0,3,365,,,7,106618,0,0,0,0,94.0,0,2,,,0,Paul,0,27,0,57.6,255,False,424.2,1986,,,45,0,0,0,106618.jpg,2.6,0,0,Dummett,0.3,False,,a,13,4,58,67,0,0,0,0,0,0,Dummett,1
286,3,5,231,,,4,109528,0,0,0,0,127.3,0,2,,,0,Javier,0,16,0,38.8,256,False,231.0,1098,,,45,0,0,0,109528.jpg,2.9,0,0,Manquillo,0.2,False,,a,13,4,28,53,0,0,0,0,0,0,Manquillo,2
287,0,0,209,0.0,,4,77359,0,0,0,0,82.5,0,2,,,0,Florian,0,13,0,35.3,257,False,211.6,1054,Knee injury - Unknown return date,2019-06-25T11:30:07.214396Z,45,0,0,0,77359.jpg,2.9,0,0,Lejeune,0.0,False,,i,13,4,59,35,0,0,0,0,0,0,Lejeune,0
288,1,8,539,,,10,101148,0,0,0,0,46.8,0,2,,,0,Jamaal,0,36,0,79.6,258,False,632.4,2745,,,45,0,0,0,101148.jpg,3.0,0,0,Lascelles,8.8,False,,a,13,4,113,95,0,0,0,0,0,0,Lascelles,4
289,0,4,194,,,2,58845,0,0,0,0,25.0,0,2,,,0,Ciaran,0,15,3,42.6,259,False,293.2,857,,,45,0,0,0,58845.jpg,3.8,0,0,Clark,0.2,False,,a,13,4,105,42,0,0,0,0,0,0,Clark,1
290,0,0,65,,,1,196118,0,0,0,0,66.8,0,4,,,0,Yoshinori,0,10,1,27.4,260,False,71.8,514,,,55,0,0,0,196118.jpg,1.4,0,0,Muto,0.2,False,,a,13,4,140,24,0,0,0,0,0,0,Muto,1
291,0,3,89,0.0,,1,61316,0,0,0,0,35.9,0,4,,,0,Jose Luis,0,15,2,44.6,261,False,121.4,586,Joined Alaves on a permanent deal on 15/7. - Unknown return date,2019-07-16T00:30:14.636406Z,50,0,0,0,61316.jpg,1.9,0,0,Mato Sanmartín,0.4,False,,n,13,4,290,30,0,0,0,0,0,0,Joselu,1
292,0,10,647,,,11,67089,0,0,0,0,0.0,0,1,,,0,Martin,0,48,0,78.4,262,False,783.6,3420,,,50,0,0,0,67089.jpg,3.4,0,96,Dubravka,1.2,False,,a,13,4,0,131,0,0,0,0,0,0,Dubravka,1
293,0,0,0,,,0,59735,0,0,0,0,0.0,0,1,,,0,Karl,0,0,0,0.0,263,False,0.0,0,,,45,0,0,0,59735.jpg,0.0,0,0,Darlow,0.2,False,,a,13,4,0,0,0,0,0,0,0,0,Darlow,0
294,0,0,0,,,0,155503,0,0,0,0,0.0,0,1,,,0,Frederick,0,0,0,0.0,264,False,0.0,0,,,40,0,0,0,155503.jpg,0.0,0,0,Woodman,3.8,False,,a,13,4,0,0,0,0,0,0,0,0,Woodman,0
295,2,0,107,,,3,179018,0,0,0,0,189.8,0,3,,,0,Miguel,0,11,0,54.6,266,False,121.4,758,,,60,0,0,0,179018.jpg,2.8,0,0,Almirón,1.1,False,,a,13,4,235,28,0,0,0,0,0,0,Almirón,0
296,1,0,175,,,6,104953,0,0,0,0,273.0,0,3,,,0,Christian,0,18,1,82.3,267,False,218.8,1481,,,55,0,0,0,104953.jpg,2.0,0,0,Atsu,0.2,False,,a,13,4,331,55,0,0,0,0,0,0,Atsu,2
297,1,1,197,,,4,76542,0,0,0,0,258.4,0,3,,,0,Sung-yueng,0,20,0,46.7,268,False,163.2,1298,,,50,0,0,0,76542.jpg,2.1,0,0,Ki,0.1,False,,a,13,4,45,38,0,0,0,0,0,0,Ki Sung-yueng,2
298,1,2,170,,,5,50232,0,0,0,0,351.7,0,3,,,0,Jonjo,0,13,1,73.2,269,False,226.2,943,,,50,0,0,0,50232.jpg,2.4,0,0,Shelvey,0.3,False,,a,13,4,154,39,0,0,0,0,0,0,Shelvey,1
299,1,1,117,100.0,,3,180135,0,0,0,0,71.8,0,3,,,0,Sean,0,9,1,30.9,270,False,130.4,686,,2019-06-25T11:30:07.229329Z,50,0,0,0,180135.jpg,2.9,0,0,Longstaff,0.6,False,,a,13,4,106,26,0,0,0,0,0,0,Longstaff,2
300,4,5,306,,,7,153127,0,0,0,0,298.8,0,3,,,0,Isaac,0,25,1,94.4,271,False,412.0,1857,,,45,0,0,0,153127.jpg,2.8,1,0,Hayden,7.9,False,,a,13,4,232,69,0,0,0,0,0,0,Hayden,3
301,0,0,0,,,0,180974,0,0,0,0,0.0,0,4,,,0,Joelinton Cássio,0,0,0,0.0,466,False,0.0,0,,,60,0,0,0,180974.jpg,0.0,0,0,Apolinário de Lira,1.5,False,,a,13,4,0,0,0,0,0,0,0,0,Joelinton,0
302,0,0,0,,,0,84384,0,0,0,0,0.0,0,2,,,0,Timm,0,0,0,0.0,272,False,0.0,0,,,45,0,0,0,84384.jpg,0.0,0,0,Klose,0.5,False,,a,14,45,0,0,0,0,0,0,0,0,Klose,0
303,0,0,0,100.0,,0,198826,0,0,0,0,0.0,0,2,,,0,Ben,0,0,0,0.0,273,False,0.0,0,,2019-07-15T10:00:11.392489Z,45,0,0,0,198826.jpg,0.0,0,0,Godfrey,0.3,False,,a,14,45,0,0,0,0,0,0,0,0,Godfrey,0
304,0,0,0,,,0,232980,0,0,0,0,0.0,0,2,,,0,Maximillian,0,0,0,0.0,274,False,0.0,0,,,45,0,0,0,232980.jpg,0.0,0,0,Aarons,4.5,False,,a,14,45,0,0,0,0,0,0,0,0,Aarons,0
305,0,0,0,25.0,,0,192303,0,0,0,0,0.0,0,2,,,0,Christoph,0,0,0,0.0,275,False,0.0,0,Knee injury - 25% chance of playing,2019-07-10T12:00:11.279736Z,45,0,0,0,192303.jpg,0.0,0,0,Zimmermann,0.1,False,,d,14,45,0,0,0,0,0,0,0,0,Zimmermann,0
306,0,0,0,,,0,194799,0,0,0,0,0.0,0,2,,,0,Jamal,0,0,0,0.0,276,False,0.0,0,,,45,0,0,0,194799.jpg,0.0,0,0,Lewis,0.3,False,,a,14,45,0,0,0,0,0,0,0,0,Lewis,0
307,0,0,0,,,0,83428,0,0,0,0,0.0,0,2,,,0,Grant,0,0,0,0.0,277,False,0.0,0,,,40,0,0,0,83428.jpg,0.0,0,0,Hanley,2.7,False,,a,14,45,0,0,0,0,0,0,0,0,Hanley,0
308,0,0,0,,,0,57127,0,0,0,0,0.0,0,4,,,0,Teemu,0,0,0,0.0,278,False,0.0,0,,,65,0,0,0,57127.jpg,0.0,0,0,Pukki,4.4,False,,a,14,45,0,0,0,0,0,0,0,0,Pukki,0
309,0,0,0,,,0,179587,0,0,0,0,0.0,0,4,,,0,Dennis,0,0,0,0.0,279,False,0.0,0,,,55,0,0,0,179587.jpg,0.0,0,0,Srbeny,0.1,False,,a,14,45,0,0,0,0,0,0,0,0,Srbeny,0
310,0,0,0,,,0,20480,0,0,0,0,0.0,0,1,,,0,Tim,0,0,0,0.0,280,False,0.0,0,,,45,0,0,0,20480.jpg,0.0,0,0,Krul,2.0,False,,a,14,45,0,0,0,0,0,0,0,0,Krul,0
311,0,0,0,,,0,18499,0,0,0,0,0.0,0,1,,,0,Michael,0,0,0,0.0,281,False,0.0,0,,,40,0,0,0,18499.jpg,0.0,0,0,McGovern,3.5,False,,a,14,45,0,0,0,0,0,0,0,0,McGovern,0
312,0,0,0,,,0,37614,0,0,0,0,0.0,0,3,,,0,Mario,0,0,0,0.0,282,False,0.0,0,,,65,0,0,0,37614.jpg,0.0,0,0,Vrancic,0.4,False,,a,14,45,0,0,0,0,0,0,0,0,Vrancic,0
313,0,0,0,,,0,195546,0,0,0,0,0.0,0,3,,,0,Emiliano,0,0,0,0.0,283,False,0.0,0,,,60,0,0,0,195546.jpg,0.0,0,0,Buendía,0.8,False,,a,14,45,0,0,0,0,0,0,0,0,Buendía,0
314,0,0,0,,,0,89470,0,0,0,0,0.0,0,3,,,0,Onel,0,0,0,0.0,284,False,0.0,0,,,55,0,0,0,89470.jpg,0.0,0,0,Hernández,0.4,False,,a,14,45,0,0,0,0,0,0,0,0,Hernández,0
315,0,0,0,,,0,71738,0,0,0,0,0.0,0,3,,,0,Marco,0,0,0,0.0,285,False,0.0,0,,,55,0,0,0,71738.jpg,0.0,0,0,Stiepermann,0.2,False,,a,14,45,0,0,0,0,0,0,0,0,Stiepermann,0
316,0,0,0,,,0,78607,0,0,0,0,0.0,0,3,,,0,Kenny,0,0,0,0.0,286,False,0.0,0,,,50,0,0,0,78607.jpg,0.0,0,0,McLean,0.2,False,,a,14,45,0,0,0,0,0,0,0,0,McLean,0
317,0,0,0,,,0,193111,0,0,0,0,0.0,0,3,,,0,Todd,0,0,0,0.0,287,False,0.0,0,,,45,0,0,0,193111.jpg,0.0,0,0,Cantwell,0.4,False,,a,14,45,0,0,0,0,0,0,0,0,Cantwell,0
318,0,0,0,,,0,87396,0,0,0,0,0.0,0,3,,,0,Moritz,0,0,0,0.0,288,False,0.0,0,,,45,0,0,0,87396.jpg,0.0,0,0,Leitner,0.4,False,,a,14,45,0,0,0,0,0,0,0,0,Leitner,0
319,0,0,0,,,0,18665,0,0,0,0,0.0,0,3,,,0,Alexander,0,0,0,0.0,289,False,0.0,0,,,45,0,0,0,18665.jpg,0.0,0,0,Tettey,0.8,False,,a,14,45,0,0,0,0,0,0,0,0,Tettey,0
320,0,0,0,,,0,90440,0,0,0,0,0.0,0,3,,,0,Tom,0,0,0,0.0,290,False,0.0,0,,,45,0,0,0,90440.jpg,0.0,0,0,Trybull,0.8,False,,a,14,45,0,0,0,0,0,0,0,0,Trybull,0
321,0,0,0,,,0,81048,0,0,0,0,0.0,0,4,,,0,Josip,0,0,0,0.0,434,False,0.0,0,,,55,0,0,0,81048.jpg,0.0,0,0,Drmic,0.3,False,,a,14,45,0,0,0,0,0,0,0,0,Drmic,0
322,0,0,0,,,0,124165,0,0,0,0,0.0,0,3,,,0,Patrick,0,0,0,0.0,435,False,0.0,0,,,55,0,0,0,124165.jpg,0.0,0,0,Roberts,0.2,False,,a,14,45,0,0,0,0,0,0,0,0,Roberts,0
323,0,0,0,,,0,28082,0,0,0,0,0.0,0,1,,,0,Ralf,0,0,0,0.0,449,False,0.0,0,,,45,0,0,0,28082.jpg,0.0,0,0,Fahrmann,0.8,False,,a,14,45,0,0,0,0,0,0,0,0,Fahrmann,0
324,0,0,0,,,0,113564,0,0,0,0,0.0,0,2,,,0,Sam,0,0,0,0.0,454,False,0.0,0,,,45,0,0,0,113564.jpg,0.0,0,0,Byram,0.2,False,,a,14,45,0,0,0,0,0,0,0,0,Byram,0
325,0,0,74,,,0,178304,0,0,0,0,65.1,0,4,,,0,Lys,0,15,1,33.8,70,False,74.6,350,,,50,0,0,0,178304.jpg,1.2,0,0,Mousset,0.6,False,,a,15,49,201,28,0,0,0,0,0,0,Mousset,1
326,0,0,0,,,0,63426,0,0,0,0,0.0,0,2,,,0,Enda,0,0,0,0.0,291,False,0.0,0,,,50,0,0,0,63426.jpg,0.0,0,0,Stevens,0.7,False,,a,15,49,0,0,0,0,0,0,0,0,Stevens,0
327,0,0,0,,,0,87121,0,0,0,0,0.0,0,2,,,0,Kieron,0,0,0,0.0,292,False,0.0,0,,,45,0,0,0,87121.jpg,0.0,0,0,Freeman,0.3,False,,a,15,49,0,0,0,0,0,0,0,0,Freeman,0
328,0,0,0,,,0,146610,0,0,0,0,0.0,0,2,,,0,Jack,0,0,0,0.0,293,False,0.0,0,,,45,0,0,0,146610.jpg,0.0,0,0,O'Connell,0.6,False,,a,15,49,0,0,0,0,0,0,0,0,O'Connell,0
329,0,0,0,,,0,82691,0,0,0,0,0.0,0,2,,,0,George,0,0,0,0.0,294,False,0.0,0,,,45,0,0,0,82691.jpg,0.0,0,0,Baldock,0.3,False,,a,15,49,0,0,0,0,0,0,0,0,Baldock,0
330,0,0,0,,,0,108416,0,0,0,0,0.0,0,2,,,0,John,0,0,0,0.0,295,False,0.0,0,,,45,0,0,0,108416.jpg,0.0,0,0,Egan,0.4,False,,a,15,49,0,0,0,0,0,0,0,0,Egan,0
331,0,0,0,,,0,18832,0,0,0,0,0.0,0,2,,,0,Richard,0,0,0,0.0,296,False,0.0,0,,,40,0,0,0,18832.jpg,0.0,0,0,Stearman,3.5,False,,a,15,49,0,0,0,0,0,0,0,0,Stearman,0
332,0,0,0,,,0,153723,0,0,0,0,0.0,0,2,,,0,John,0,0,0,0.0,297,False,0.0,0,,,40,0,0,0,153723.jpg,0.0,0,0,Lundstram,3.0,False,,a,15,49,0,0,0,0,0,0,0,0,Lundstram,0
333,0,0,0,,,0,18867,0,0,0,0,0.0,0,4,,,0,Billy,0,0,0,0.0,298,False,0.0,0,,,60,0,0,0,18867.jpg,0.0,0,0,Sharp,1.7,False,,a,15,49,0,0,0,0,0,0,0,0,Sharp,0
334,0,0,0,,,0,213280,0,0,0,0,0.0,0,1,,,0,Jake,0,0,0,0.0,299,False,0.0,0,,,45,0,0,0,213280.jpg,0.0,0,0,Eastwood,0.7,False,,a,15,49,0,0,0,0,0,0,0,0,Eastwood,0
335,0,0,0,,,0,59614,0,0,0,0,0.0,0,3,,,0,Mark,0,0,0,0.0,300,False,0.0,0,,,55,0,0,0,59614.jpg,0.0,0,0,Duffy,0.3,False,,a,15,49,0,0,0,0,0,0,0,0,Duffy,0
336,0,0,0,,,0,47247,0,0,0,0,0.0,0,3,,,0,John,0,0,0,0.0,301,False,0.0,0,,,50,0,0,0,47247.jpg,0.0,0,0,Fleck,0.3,False,,a,15,49,0,0,0,0,0,0,0,0,Fleck,0
337,0,0,0,,,0,79934,0,0,0,0,0.0,0,3,,,0,Oliver,0,0,0,0.0,302,False,0.0,0,,,50,0,0,0,79934.jpg,0.0,0,0,Norwood,0.7,False,,a,15,49,0,0,0,0,0,0,0,0,Norwood,0
338,0,0,0,,,0,27436,0,0,0,0,0.0,0,4,,,0,David,0,0,0,0.0,303,False,0.0,0,,,55,0,0,0,27436.jpg,0.0,0,0,McGoldrick,0.4,False,,a,15,49,0,0,0,0,0,0,0,0,McGoldrick,0
339,0,0,0,,,0,40386,0,0,0,0,0.0,0,2,,,0,Chris,0,0,0,0.0,423,False,0.0,0,,,45,0,0,0,40386.jpg,0.0,0,0,Basham,0.3,False,,a,15,49,0,0,0,0,0,0,0,0,Basham,0
340,0,0,0,,,0,74854,0,0,0,0,0.0,0,1,,,0,Simon,0,0,0,0.0,436,False,0.0,0,,,45,0,0,0,74854.jpg,0.0,0,0,Moore,0.2,False,,a,15,49,0,0,0,0,0,0,0,0,Moore,0
341,0,0,0,,,0,49083,0,0,0,0,0.0,0,3,,,0,Luke,0,0,0,0.0,441,False,0.0,0,,,55,0,0,0,49083.jpg,0.0,0,0,Freeman,0.2,False,,a,15,49,0,0,0,0,0,0,0,0,Freeman,0
342,0,3,80,,,2,7645,0,0,0,0,21.4,0,2,,,0,Phil,0,4,1,14.6,444,False,82.2,329,,,45,0,0,0,7645.jpg,3.1,1,0,Jagielka,1.0,False,,a,15,49,43,22,0,0,0,0,0,0,Jagielka,0
343,0,0,0,,,0,171975,0,0,0,0,0.0,0,3,,,0,Callum,0,0,0,0.0,453,False,0.0,0,,,55,0,0,0,171975.jpg,0.0,0,0,Robinson,0.3,False,,a,15,49,0,0,0,0,0,0,0,0,Robinson,0
344,0,0,0,,,0,90518,0,0,0,0,0.0,0,3,,,0,Ravel,0,0,0,0.0,456,False,0.0,0,,,50,0,0,0,90518.jpg,0.0,0,0,Morrison,0.3,False,,a,15,49,0,0,0,0,0,0,0,0,Morrison,0
345,0,0,0,,,0,172649,0,0,0,0,0.0,0,1,,,0,Dean,0,0,0,0.0,471,False,0.0,0,,,45,0,0,0,172649.jpg,0.0,0,0,Henderson,0.4,False,,a,15,49,0,0,0,0,0,0,0,0,Henderson,0
346,0,0,0,,,0,167878,0,0,0,0,0.0,0,3,,,0,Ben,0,0,0,0.0,472,False,0.0,0,,,50,0,0,0,167878.jpg,0.0,0,0,Osborn,0.0,False,,a,15,49,0,0,0,0,0,0,0,0,Osborn,0
347,0,0,396,,,4,93100,0,0,0,0,76.6,0,2,,,0,Jannik,0,31,0,75.9,304,False,576.6,2027,,,50,0,0,0,93100.jpg,2.2,0,0,Vestergaard,0.2,False,,a,16,20,104,50,0,0,0,0,0,0,Vestergaard,2
348,0,1,291,,,6,40146,0,0,0,0,379.4,0,2,,,0,Ryan,0,42,1,82.6,305,False,326.8,2160,,,50,0,0,0,40146.jpg,2.3,0,0,Bertrand,1.1,False,,a,16,20,123,56,0,0,0,0,0,0,Bertrand,8
349,1,0,251,,,3,213482,0,0,0,0,124.7,0,2,,,0,Yan,0,30,2,60.7,306,False,329.4,1709,,,50,0,0,0,213482.jpg,2.3,1,0,Valery,0.7,False,,a,16,20,157,54,0,0,0,0,0,0,Valery,3
350,1,3,365,,,3,171771,0,0,0,0,108.8,0,2,,,0,Jan,0,37,0,81.9,307,False,616.0,2150,,,45,0,0,0,171771.jpg,2.0,0,0,Bednarek,1.2,False,,a,16,20,91,49,0,0,0,0,0,0,Bednarek,7
351,0,4,282,,,3,88900,0,0,0,0,65.5,0,2,,,0,Jack,0,35,1,60.4,308,False,394.4,1697,,,45,0,0,0,88900.jpg,2.0,0,0,Stephens,0.2,False,,a,16,20,143,47,0,0,0,0,0,0,Stephens,4
352,1,4,278,,,3,80447,0,0,0,0,57.4,0,2,,,0,Maya,0,29,0,63.4,310,False,387.0,1518,,,45,0,0,0,80447.jpg,2.6,0,0,Yoshida,0.4,False,,a,16,20,189,44,0,0,0,0,0,0,Yoshida,0
353,0,0,9,,,0,232797,0,0,0,0,0.0,0,2,,,0,Kayne,0,3,0,1.1,311,False,11.2,90,,,40,0,0,0,232797.jpg,1.0,0,0,Ramsay,1.3,False,,a,16,20,0,1,0,0,0,0,0,0,Ramsay,0
354,2,1,117,,,5,78356,0,0,0,0,115.3,0,4,,,0,Charlie,0,17,2,67.4,312,False,158.4,970,,,60,0,1,0,78356.jpg,1.8,0,0,Austin,0.4,False,,a,16,20,405,46,0,0,0,0,0,0,Austin,1
355,3,11,310,,,5,84939,0,0,0,0,346.9,0,4,,,0,Danny,0,27,7,158.4,313,False,433.8,1650,,,60,0,0,0,84939.jpg,3.8,0,0,Ings,2.5,False,,a,16,20,808,90,0,0,0,0,0,0,Ings,1
356,1,0,46,100.0,,0,220598,0,0,0,0,27.4,0,4,,,0,Michael,0,3,1,21.6,314,False,62.6,134,,2019-06-25T11:30:07.244310Z,50,0,0,0,220598.jpg,2.2,0,0,Obafemi,0.3,False,,a,16,20,127,13,0,0,0,0,0,0,Obafemi,1
357,2,5,191,,,2,20452,0,0,0,0,179.2,0,4,,,0,Shane,0,24,5,84.2,315,False,248.6,1260,,,50,0,0,0,20452.jpg,2.5,0,0,Long,6.4,False,,a,16,20,417,66,0,0,0,0,0,0,Long,3
358,0,0,6,0.0,,0,153371,0,0,0,0,0.3,0,4,,,0,Sam,0,1,0,0.0,316,False,0.0,32,Joined Blackburn Rovers on a permanent deal on 13/7. - Unknown return date,2019-07-14T15:00:12.872120Z,45,0,0,0,153371.jpg,1.0,0,0,Gallagher,0.3,False,,n,16,20,0,4,0,0,0,0,0,0,Gallagher,0
359,0,0,13,,,0,40383,0,0,0,0,0.0,0,1,,,0,Fraser,0,3,0,2.2,317,False,22.2,90,,,45,0,0,0,40383.jpg,2.0,0,3,Forster,1.0,False,,a,16,20,0,2,0,0,0,0,0,0,Forster,0
360,0,6,414,,,4,58376,0,0,0,0,0.0,0,1,,,0,Alex,0,44,0,58.6,318,False,585.2,2250,,,45,0,0,0,58376.jpg,2.9,0,78,McCarthy,1.3,False,,a,16,20,0,73,0,0,0,0,0,0,McCarthy,1
361,0,4,206,,,3,107265,0,0,0,0,0.0,0,1,,,0,Angus,0,18,0,23.8,319,False,239.2,1080,,,45,0,0,1,107265.jpg,3.9,0,33,Gunn,1.5,False,,a,16,20,0,47,0,0,0,0,0,0,Gunn,0
362,5,12,433,,,9,83283,0,0,0,0,802.3,0,3,,,0,Nathan,0,58,6,241.4,320,False,665.4,3272,,,65,0,0,0,83283.jpg,3.6,0,0,Redmond,2.5,False,,a,16,20,950,137,0,0,0,0,0,0,Redmond,3
363,0,15,390,,,3,101178,0,0,0,0,695.8,0,3,,,0,James,0,41,7,167.4,321,False,592.0,1940,,,60,1,0,0,101178.jpg,3.6,0,0,Ward-Prowse,1.4,False,,a,16,20,387,94,0,0,0,0,0,0,Ward-Prowse,4
364,0,0,91,,,4,96787,0,0,0,0,228.3,0,3,,,0,Mohamed,0,10,0,54.2,322,False,94.2,785,,,55,0,0,0,96787.jpg,1.8,0,0,Elyounoussi,0.1,False,,a,16,20,220,28,0,0,0,0,0,0,Elyounoussi,0
365,4,3,269,,,5,91047,0,0,0,0,392.4,0,3,,,0,Stuart,0,26,3,107.5,323,False,305.6,1421,,,55,0,0,0,91047.jpg,2.6,0,0,Armstrong,0.2,False,,a,16,20,379,75,0,0,0,0,0,0,Armstrong,2
366,2,2,270,,,4,151086,0,0,0,0,214.7,0,3,,,0,Mario,0,37,1,71.6,324,False,313.0,1612,,,50,0,0,0,151086.jpg,2.4,0,0,Lemina,0.2,False,,a,16,20,188,50,0,0,0,0,0,0,Lemina,5
367,3,8,477,,,4,132015,0,0,0,0,445.6,0,3,,,0,Pierre-Emile,0,59,4,148.8,325,False,616.0,2760,,,50,0,0,0,132015.jpg,2.9,2,0,Højbjerg,1.1,False,,a,16,20,421,90,0,0,0,0,0,0,Højbjerg,7
368,0,0,3,,,0,204481,0,0,0,0,0.0,0,3,,,0,Tyreke,0,0,0,0.0,326,False,0.0,1,,,45,0,0,0,204481.jpg,1.0,0,0,Johnson,0.2,False,,a,16,20,0,1,0,0,0,0,0,0,Johnson,0
369,0,0,12,,,0,193109,0,0,0,0,2.6,0,3,,,0,Callum,0,1,0,4.2,327,False,15.8,110,,,45,0,0,0,193109.jpg,1.3,0,0,Slattery,0.1,False,,a,16,20,24,4,0,0,0,0,0,0,Slattery,0
370,0,3,282,,,6,78056,0,0,0,0,158.4,0,3,,,0,Oriol,0,37,1,74.0,328,False,455.2,2131,,,45,0,0,0,78056.jpg,1.8,0,0,Romeu Vidal,1.2,False,,a,16,20,124,55,0,0,0,0,0,0,Oriol Romeu,11
371,0,0,0,,,0,200439,0,0,0,0,0.0,0,4,,,0,Che,0,0,0,0.0,437,False,0.0,0,,,60,0,0,0,200439.jpg,0.0,0,0,Adams,1.5,False,,a,16,20,0,0,0,0,0,0,0,0,Adams,0
372,0,0,0,,,0,431131,0,0,0,0,0.0,0,3,,,0,Moussa,0,0,0,0.0,438,False,0.0,0,,,55,0,0,0,431131.jpg,0.0,0,0,Djenepo,0.2,False,,a,16,20,0,0,0,0,0,0,0,0,Djenepo,0
373,0,5,361,,,6,115556,0,0,0,0,256.6,0,2,,,0,Ben,0,26,0,82.3,329,False,388.2,1837,,,55,0,0,0,115556.jpg,2.4,0,0,Davies,0.9,False,,a,17,6,176,66,0,0,0,0,0,0,Davies,2
374,0,7,390,,,6,39194,0,0,0,0,116.7,0,2,,,0,Jan,0,23,1,72.7,330,False,445.4,1911,,,55,0,0,0,39194.jpg,3.0,1,0,Vertonghen,2.8,False,,a,17,6,165,67,0,0,0,0,0,0,Vertonghen,3
375,0,7,651,,,12,55605,0,0,0,0,139.1,0,2,,,0,Toby,0,31,0,105.7,331,False,690.2,2921,,,55,1,0,0,55605.jpg,3.1,0,0,Alderweireld,5.9,False,,a,17,6,229,107,0,0,0,0,0,0,Alderweireld,3
376,4,5,352,,,8,38290,0,0,0,0,416.6,0,2,,,0,Danny,0,16,0,97.6,332,False,343.6,1792,,,55,0,0,0,38290.jpg,3.3,0,0,Rose,1.6,False,,a,17,6,216,86,0,0,0,0,0,0,Rose,5
377,2,4,412,,,6,173904,0,0,0,0,60.3,0,2,,,0,Davinson,0,22,1,70.0,333,False,454.2,1941,,,55,0,0,0,173904.jpg,3.4,0,0,Sánchez,1.0,False,,a,17,6,183,78,0,0,0,0,0,0,Sánchez,2
378,5,16,573,0.0,,10,77794,0,0,0,0,827.0,0,2,,,0,Kieran,0,23,1,155.0,334,False,601.6,2275,Joined Atletico Madrid on a permanent deal on 17/7. - Unknown return date,2019-07-18T09:00:08.860585Z,55,1,0,0,77794.jpg,4.4,0,0,Trippier,1.9,False,,n,17,6,121,118,0,0,0,0,0,0,Trippier,2
379,0,4,172,0.0,,3,234908,0,0,0,0,59.8,0,2,,,0,Juan,0,12,1,36.3,335,False,248.6,888,Suspended until 25 Aug,2019-06-25T11:30:07.259817Z,50,0,0,0,234908.jpg,2.9,1,0,Foyth,0.1,False,,s,17,6,53,35,0,0,0,0,0,0,Foyth,3
380,2,0,116,,,2,80226,0,0,0,0,108.4,0,2,,,0,Serge,0,9,0,30.5,336,False,151.6,562,,,50,0,0,0,80226.jpg,3.0,0,0,Aurier,1.4,False,,a,17,6,45,24,0,0,0,0,0,0,Aurier,1
381,3,4,112,,,2,158534,0,0,0,0,104.9,0,2,,,0,Kyle,0,4,0,23.1,337,False,107.4,374,,,50,0,0,0,158534.jpg,4.7,0,0,Walker-Peters,1.3,False,,a,17,6,20,28,0,0,0,0,0,0,Walker-Peters,1
382,6,24,561,,,9,78830,0,0,0,0,430.0,0,4,,,0,Harry,0,31,17,261.3,338,False,824.6,2423,,,110,0,0,0,78830.jpg,5.7,0,0,Kane,25.5,False,,a,17,6,1359,160,0,0,0,0,0,0,Kane,5
383,0,0,4,,,0,165990,0,0,0,0,1.6,0,4,,,0,Vincent,0,0,0,6.5,339,False,6.2,36,,,45,0,0,0,165990.jpg,1.0,0,0,Janssen,1.0,False,,a,17,6,57,3,0,0,0,0,0,0,Janssen,0
384,0,10,691,,,12,37915,0,0,0,0,0.0,0,1,,,0,Hugo,0,33,0,86.0,340,False,858.2,2970,,,55,0,0,2,37915.jpg,4.4,0,100,Lloris,9.1,False,,a,17,6,0,145,0,0,0,0,0,0,Lloris,0
385,0,0,64,,,1,102884,0,0,0,0,0.0,0,1,,,0,Paulo,0,2,0,8.2,341,False,82.8,270,,,45,0,0,0,102884.jpg,4.3,0,11,Gazzaniga,0.3,False,,a,17,6,0,13,0,0,0,0,0,0,Gazzaniga,0
386,8,17,489,0.0,,10,85971,0,0,0,0,508.0,0,3,,,0,Heung-Min,0,23,12,219.9,342,False,690.6,2033,Suspended until 25 Aug,2019-06-25T11:30:07.273840Z,95,0,0,0,85971.jpg,5.1,1,0,Son,1.5,False,,s,17,6,1002,159,0,0,0,0,0,0,Son,2
387,12,15,675,,,8,80607,0,0,0,0,1148.7,0,3,,,0,Christian,0,37,8,283.0,343,False,876.0,2770,,,90,0,0,0,80607.jpg,4.6,0,0,Eriksen,5.6,False,,a,17,6,801,161,0,0,0,0,0,0,Eriksen,3
388,4,8,356,,,8,108823,0,0,0,0,436.6,0,3,,,0,Bamidele,0,21,5,158.5,344,False,467.2,1822,,,85,0,0,0,108823.jpg,3.8,0,0,Alli,2.4,False,,a,17,6,681,94,0,0,0,0,0,0,Alli,4
389,2,8,340,,,14,95715,0,0,0,0,415.6,0,3,,,0,Lucas,0,18,10,161.9,345,False,556.4,2115,,,75,0,0,0,95715.jpg,4.1,0,0,Rodrigues Moura da Silva,8.4,False,,a,17,6,650,131,0,0,0,0,0,0,Lucas Moura,3
390,4,5,231,,,4,62974,0,0,0,0,339.9,0,3,,,0,Erik,0,12,4,104.1,346,False,263.8,965,,,60,0,0,0,62974.jpg,3.5,0,0,Lamela,0.3,False,,a,17,6,441,67,0,0,0,0,0,0,Lamela,2
391,0,3,275,,,6,157668,0,0,0,0,168.6,0,3,,,0,Harry,0,17,1,50.7,347,False,268.2,1589,,,55,0,0,0,157668.jpg,2.0,0,0,Winks,0.4,False,,a,17,6,71,53,0,0,0,0,0,0,Winks,4
392,0,2,105,,,3,54756,0,0,0,0,45.0,0,3,,,0,Victor,0,4,1,23.9,348,False,113.2,511,,,50,0,0,0,54756.jpg,1.8,0,0,Wanyama,0.2,False,,a,17,6,80,24,0,0,0,0,0,0,Wanyama,2
393,3,3,395,,,11,45268,0,0,0,0,380.7,0,3,,,0,Moussa,0,28,0,90.2,349,False,329.0,2329,,,50,0,0,0,45268.jpg,2.6,0,0,Sissoko,1.2,False,,a,17,6,193,76,0,0,0,0,0,0,Sissoko,2
394,0,3,269,,,5,93264,0,0,0,0,150.1,0,3,,,0,Eric,0,18,3,63.6,350,False,363.4,1504,,,50,0,0,0,93264.jpg,2.8,0,0,Dier,0.5,False,,a,17,6,121,56,0,0,0,0,0,0,Dier,4
395,0,0,3,0.0,,0,168764,0,0,0,0,0.1,0,3,,,0,Luke,0,0,0,0.2,351,False,2.2,2,Joined QPR on loan until the end of the season on 1/7. - Expected back 01 Jul,2019-07-02T09:00:13.289180Z,45,0,0,0,168764.jpg,1.0,0,0,Amos,0.0,False,,n,17,6,0,1,0,0,0,0,0,0,Amos,0
396,0,0,40,,,2,209042,0,0,0,0,20.5,0,3,,,0,Oliver,0,1,0,7.0,352,False,35.2,214,,,45,0,0,0,209042.jpg,1.5,0,0,Skipp,0.3,False,,a,17,6,12,12,0,0,0,0,0,0,Skipp,0
397,0,0,0,,,0,231372,0,0,0,0,0.0,0,3,,,0,Tanguy,0,0,0,0.0,442,False,0.0,0,,,60,0,0,0,231372.jpg,0.0,0,0,Ndombele,3.9,False,,a,17,6,0,0,0,0,0,0,0,0,Ndombele,0
398,7,10,437,,,5,40868,0,0,0,0,598.2,0,2,,,0,José,0,41,3,140.6,353,False,642.4,2392,,,50,0,0,0,40868.jpg,3.3,1,0,Holebas,5.1,False,,a,18,57,164,93,0,0,0,0,0,0,Holebas,12
399,0,1,212,,,3,85624,0,0,0,0,24.0,0,2,,,0,Christian,0,29,0,56.7,354,False,355.2,1584,,,45,0,0,0,85624.jpg,1.7,1,0,Kabasele,0.3,False,,a,18,57,189,36,0,0,0,0,0,0,Kabasele,2
400,1,1,165,,,2,155651,0,0,0,0,70.8,0,2,,,0,Adam,0,20,0,30.1,355,False,201.0,1002,,,45,0,0,0,155651.jpg,1.9,0,0,Masina,0.1,False,,a,18,57,27,26,0,0,0,0,0,0,Masina,5
401,0,2,334,,,5,20145,0,0,0,0,61.9,0,2,,,0,Adrian,0,32,0,54.5,356,False,404.6,1924,,,45,0,0,0,20145.jpg,2.2,0,0,Mariappa,0.4,False,,a,18,57,79,57,0,0,0,0,0,0,Mariappa,3
402,1,6,412,,,4,54484,0,0,0,0,252.9,0,2,,,0,Francisco,0,40,1,76.0,357,False,420.2,2043,,,45,0,0,0,54484.jpg,2.3,0,0,Femenía Far,1.0,False,,a,18,57,87,66,0,0,0,0,0,0,Kiko Femenía,1
403,0,5,552,,,6,41338,0,0,0,0,25.5,0,2,,,0,Craig,0,54,3,100.8,358,False,719.6,3095,,,45,2,0,0,41338.jpg,2.6,0,0,Cathcart,5.2,False,,a,18,57,262,93,0,0,0,0,0,0,Cathcart,2
404,2,6,274,,,3,52940,0,0,0,0,212.2,0,2,,,0,Daryl,0,22,0,67.8,359,False,346.2,1520,,,45,0,0,0,52940.jpg,2.8,0,0,Janmaat,0.6,False,,a,18,57,118,50,0,0,0,0,0,0,Janmaat,3
405,0,0,12,0.0,,0,220166,0,0,0,0,5.3,0,2,,,0,Marc,0,3,0,2.3,360,False,16.0,84,Joined Leganes on loan until the end of the season on 25/7. - Expected back 01 Jul,2019-07-26T16:00:12.508474Z,40,0,0,0,220166.jpg,1.0,0,0,Navarro,0.8,False,,n,18,57,2,2,0,0,0,0,0,0,Navarro,0
406,0,0,2,,,0,41945,0,0,0,0,0.0,0,2,,,0,Sebastian,0,0,0,0.0,361,False,0.0,13,,,40,0,0,0,41945.jpg,1.0,0,0,Prödl,1.8,False,,a,18,57,0,1,0,0,0,0,0,0,Prödl,0
407,5,13,411,,,5,41725,0,0,0,0,549.5,0,4,,,0,Troy,0,44,9,216.9,362,False,607.4,2542,,,65,0,0,0,41725.jpg,3.6,1,0,Deeney,2.7,False,,a,18,57,1019,116,0,0,0,0,0,0,Deeney,4
408,5,10,344,,,9,94924,0,0,0,0,455.6,0,4,,,0,Gerard,0,29,10,185.6,363,False,549.2,2064,,,65,0,0,0,94924.jpg,4.4,0,0,Deulofeu,12.0,False,,a,18,57,856,133,0,0,0,0,0,0,Deulofeu,3
409,2,10,254,,,4,73426,0,0,0,0,183.9,0,4,,,0,Andre,0,23,7,112.8,364,False,331.8,1352,,,60,0,0,0,73426.jpg,2.9,0,0,Gray,0.7,False,,a,18,57,620,83,0,0,0,0,0,0,Gray,2
410,1,0,125,,,2,173514,0,0,0,0,274.5,0,4,,,0,Isaac,0,21,1,81.4,365,False,148.6,1033,,,50,0,0,0,173514.jpg,1.4,0,0,Success Ajayi,1.1,False,,a,18,57,394,42,0,0,0,0,0,0,Success,4
411,0,11,703,,,7,9089,0,0,0,0,50.0,0,1,,,0,Ben,0,59,0,104.1,366,False,988.0,3420,,,50,0,0,1,9089.jpg,3.4,0,128,Foster,3.1,False,,a,18,57,1,129,0,0,0,0,0,0,Foster,1
412,0,0,0,,,0,206882,0,0,0,0,0.0,0,1,,,0,Pontus,0,0,0,0.0,367,False,0.0,0,,,45,0,0,0,206882.jpg,0.0,0,0,Dahlberg,0.3,False,,a,18,57,0,0,0,0,0,0,0,0,Dahlberg,0
413,7,14,550,,,5,121599,0,0,0,0,544.1,0,3,,,0,Abdoulaye,0,56,5,198.9,368,False,735.6,3061,,,60,1,0,0,121599.jpg,3.5,0,0,Doucouré,3.4,False,,a,18,57,709,124,0,0,0,0,0,0,Doucouré,7
414,4,13,432,,,6,61566,0,0,0,0,512.7,0,3,,,0,Roberto,0,53,6,171.8,369,False,458.4,2817,,,60,0,0,0,61566.jpg,3.7,0,0,Pereyra,4.7,False,,a,18,57,744,122,0,0,0,0,0,0,Pereyra,3
415,4,5,320,,,7,108413,0,0,0,0,416.0,0,3,,,0,Will,0,39,2,129.6,370,False,429.2,2419,,,55,0,0,0,108413.jpg,2.7,0,0,Hughes,0.3,False,,a,18,57,451,87,0,0,0,0,0,0,Hughes,5
416,0,2,87,,,3,43250,0,0,0,0,33.4,0,3,,,0,Tom,0,7,1,17.2,371,False,97.4,470,,,50,0,0,0,43250.jpg,1.9,0,0,Cleverley,0.1,False,,a,18,57,40,25,0,0,0,0,0,0,Cleverley,2
417,2,1,91,,,3,157775,0,0,0,0,112.7,0,3,,,0,Ken,0,9,1,40.8,372,False,128.6,747,,,50,0,0,0,157775.jpg,2.2,0,0,Sema,0.1,False,,a,18,57,169,37,0,0,0,0,0,0,Sema,1
418,3,8,496,,,8,38439,0,0,0,0,219.2,0,3,,,0,Etienne,0,48,1,102.8,373,False,656.6,2944,,,50,0,0,0,38439.jpg,2.4,1,0,Capoue,0.9,False,,a,18,57,152,79,0,0,0,0,0,0,Capoue,14
419,0,0,42,,,0,89085,0,0,0,0,20.2,0,3,,,0,Nathaniel,0,7,0,8.8,374,False,35.6,265,,,45,0,0,0,89085.jpg,1.1,0,0,Chalobah,0.5,False,,a,18,57,31,10,0,0,0,0,0,0,Chalobah,2
420,0,2,68,100.0,,0,216058,0,0,0,0,40.2,0,3,,,0,Domingos,0,5,1,13.1,375,False,69.0,334,,2019-06-25T11:30:07.289088Z,45,0,0,0,216058.jpg,2.1,0,0,Quina,0.1,False,,a,18,57,22,17,0,0,0,0,0,0,Quina,0
421,0,0,0,,,0,60232,0,0,0,0,0.0,0,2,,,0,Craig,0,0,0,0.0,439,False,0.0,0,,,50,0,0,0,60232.jpg,0.0,0,0,Dawson,0.4,False,,a,18,57,0,0,0,0,0,0,0,0,Dawson,0
422,1,0,257,,,1,55459,0,0,0,0,290.9,0,2,,,0,Aaron,0,26,0,72.3,376,False,318.2,1588,,,50,0,0,0,55459.jpg,1.7,0,0,Cresswell,0.4,False,,a,19,21,113,34,0,0,0,0,0,0,Cresswell,1
423,1,2,314,,,2,40669,0,0,0,0,54.2,0,2,,,0,Angelo,0,36,1,68.5,377,False,462.4,1871,,,45,0,0,0,40669.jpg,2.0,0,0,Ogbonna,0.4,False,,a,19,21,168,48,0,0,0,0,0,0,Ogbonna,2
424,2,0,311,,,4,105717,0,0,0,0,212.0,0,2,,,0,Arthur,0,29,0,70.3,378,False,434.4,1757,,,45,0,0,0,105717.jpg,2.1,0,0,Masuaku,0.4,False,,a,19,21,55,49,0,0,0,0,0,0,Masuaku,2
425,1,4,350,,,4,20658,0,0,0,0,163.2,0,2,,,0,Pablo,0,35,0,71.8,379,False,447.4,2089,,,45,0,0,0,20658.jpg,2.2,0,0,Zabaleta,0.7,False,,a,19,21,106,56,0,0,0,0,0,0,Zabaleta,4
426,0,4,169,,,3,81012,0,0,0,0,77.2,0,2,,,0,Ryan,0,16,1,42.0,380,False,254.8,1084,,,45,0,0,0,81012.jpg,2.5,0,0,Fredericks,0.5,False,,a,19,21,85,38,0,0,0,0,0,0,Fredericks,5
427,0,6,561,,,7,219924,0,0,0,0,52.3,0,2,,,0,Issa,0,43,1,94.8,381,False,733.0,2970,,,45,1,0,0,219924.jpg,2.6,0,0,Diop,5.7,False,,a,19,21,162,87,0,0,0,0,0,0,Diop,4
428,0,3,375,,,5,166640,0,0,0,0,40.9,0,2,,,0,Fabián,0,32,1,77.8,382,False,534.6,2013,,,45,0,0,0,166640.jpg,2.7,0,0,Balbuena,0.8,False,,a,19,21,201,61,0,0,0,0,0,0,Balbuena,2
429,0,0,0,,,0,48717,0,0,0,0,0.0,0,2,,,0,Winston,0,0,0,0.0,383,False,0.0,0,,,40,0,0,0,48717.jpg,0.0,0,0,Reid,5.3,False,,a,19,21,0,0,0,0,0,0,0,0,Reid,0
430,0,0,6,,,0,222018,0,0,0,0,0.4,0,2,,,0,Ben,0,1,0,0.8,384,False,7.8,62,,,40,0,0,0,222018.jpg,2.0,0,0,Johnson,1.2,False,,a,19,21,0,2,0,0,0,0,0,0,Johnson,0
431,5,15,405,0.0,,4,41464,0,0,0,0,500.6,0,4,,,0,Marko,0,34,10,199.2,385,False,551.6,1988,Joined Shanghai SIPG on a permanent deal on 7/7. - Unknown return date,2019-07-23T08:30:10.476392Z,70,0,0,0,41464.jpg,4.2,0,0,Arnautovic,0.9,False,,n,19,21,946,117,0,0,0,0,0,0,Arnautovic,3
432,4,10,276,,,6,43020,0,0,0,0,112.0,0,4,,,0,Javier,0,20,7,93.4,386,False,301.0,1326,,,60,0,0,0,43020.jpg,3.4,0,0,Hernández Balcázar,1.0,False,,a,19,21,528,86,0,0,0,0,0,0,Chicharito,2
433,0,0,3,,,0,209925,0,0,0,0,10.3,0,4,,,0,Alexandre Nascimento,0,0,0,4.8,387,False,2.0,17,,,45,0,0,0,209925.jpg,1.0,0,0,Costa Silva,1.9,False,,a,19,21,36,1,0,0,0,0,0,0,Xande Silva,0
434,0,15,742,,,7,37096,0,0,0,0,20.0,0,1,,,0,Lukasz,0,55,0,115.5,388,False,1136.0,3420,,,50,0,0,1,37096.jpg,3.8,0,148,Fabianski,9.2,False,,a,19,21,0,143,0,0,0,0,0,0,Fabianski,0
435,8,6,305,,,7,57531,0,0,0,0,346.2,0,3,,,0,Michail,0,30,6,167.0,389,False,482.0,2093,,,70,0,0,0,57531.jpg,3.6,0,0,Antonio,3.3,False,,a,19,21,852,118,0,0,0,0,0,0,Antonio,3
436,6,18,619,,,7,101537,0,0,0,0,1042.4,0,3,,,0,Felipe Anderson,0,49,9,272.2,390,False,882.2,3045,,,70,0,0,0,101537.jpg,4.3,0,0,Pereira Gomes,12.3,False,,a,19,21,799,155,0,0,0,0,0,0,Felipe Anderson,3
437,2,3,148,,,2,86934,0,0,0,0,118.2,0,3,,,0,Manuel,0,12,1,42.4,391,False,141.0,685,,,65,0,0,0,86934.jpg,3.1,0,0,Lanzini,0.8,False,,a,19,21,165,31,0,0,0,0,0,0,Lanzini,2
438,1,2,88,,,1,56377,0,0,0,0,84.6,0,3,,,0,Andriy,0,6,2,29.1,392,False,86.0,456,,,60,0,0,0,56377.jpg,3.0,0,0,Yarmolenko,0.4,False,,a,19,21,122,27,0,0,0,0,0,0,Yarmolenko,2
439,5,9,364,,,5,18987,0,0,0,0,976.0,0,3,,,0,Robert,0,33,2,181.5,393,False,460.8,2215,,,55,0,0,0,18987.jpg,2.6,0,0,Snodgrass,0.4,False,,a,19,21,380,85,0,0,0,0,0,0,Snodgrass,10
440,2,0,90,,,1,54102,0,0,0,0,74.0,0,3,,,0,Jack,0,10,0,16.3,394,False,72.0,388,,,50,0,0,0,54102.jpg,2.1,0,0,Wilshere,0.4,False,,a,19,21,17,17,0,0,0,0,0,0,Wilshere,2
441,0,9,586,,,6,204480,0,0,0,0,174.2,0,3,,,0,Declan,0,47,2,97.1,395,False,584.4,3003,,,50,0,0,0,204480.jpg,2.7,0,0,Rice,2.9,False,,a,19,21,213,92,0,0,0,0,0,0,Rice,4
442,5,5,454,,,7,18073,0,0,0,0,359.8,0,3,,,0,Mark,0,31,5,107.6,396,False,521.4,2289,,,50,0,0,0,18073.jpg,3.2,1,0,Noble,2.0,False,,a,19,21,196,99,0,0,0,0,0,0,Noble,6
443,0,0,44,,,0,42824,0,0,0,0,28.8,0,3,,,0,Carlos,0,4,0,7.8,397,False,24.6,240,,,45,0,0,0,42824.jpg,1.3,0,0,Sánchez,0.3,False,,a,19,21,24,9,0,0,0,0,0,0,Carlos Sánchez,0
444,1,0,86,,,2,179830,0,0,0,0,174.5,0,3,,,0,Grady,0,13,0,46.2,398,False,115.0,600,,,45,0,0,0,179830.jpg,1.5,0,0,Diangana,0.2,False,,a,19,21,175,25,0,0,0,0,0,0,Diangana,0
445,0,0,0,,,0,217593,0,0,0,0,0.0,0,3,,,0,Pablo,0,0,0,0.0,399,False,0.0,0,,,65,0,0,0,217593.jpg,0.0,0,0,Fornals,1.3,False,,a,19,21,0,0,0,0,0,0,0,0,Fornals,0
446,2,1,188,0.0,,2,59779,0,0,0,0,105.9,0,3,,,0,Pedro,0,21,0,43.6,400,False,219.2,1116,Joined Sassuolo on a permanent deal on 25/7. - Unknown return date,2019-07-26T12:30:08.589709Z,45,0,0,0,59779.jpg,1.8,0,0,Obiang,0.5,False,,n,19,21,112,43,0,0,0,0,0,0,Obiang,0
447,0,0,0,,,0,40694,0,0,0,0,0.0,0,1,,,0,Roberto,0,0,0,0.0,450,False,0.0,0,,,45,0,0,0,40694.jpg,0.0,0,0,Jimenez Gago,0.3,False,,a,19,21,0,0,0,0,0,0,0,0,Roberto,0
448,0,0,0,,,0,103123,0,0,0,0,0.0,0,4,,,0,Sébastien,0,0,0,0.0,457,False,0.0,0,,,75,0,0,0,103123.jpg,0.0,0,0,Haller,4.3,False,,a,19,21,0,0,0,0,0,0,0,0,Haller,0
449,7,12,596,75.0,,8,87835,0,0,0,0,547.4,0,2,,,0,Matt,0,41,4,201.6,401,False,758.8,3141,Knee injury - 75% chance of playing,2019-07-12T09:30:08.159614Z,60,1,0,0,87835.jpg,3.8,0,0,Doherty,5.6,False,,d,20,39,711,144,0,0,0,0,0,0,Doherty,5
450,3,9,488,,,8,114128,0,0,0,0,447.3,0,2,,,0,Jonathan,0,39,1,133.3,402,False,523.4,2772,,,55,0,0,0,114128.jpg,3.1,0,0,Castro Otto,1.5,False,,a,20,39,361,103,0,0,0,0,0,0,Jonny,6
451,0,6,585,,,9,94147,0,0,0,0,26.2,0,2,,,0,Conor,0,46,0,61.8,403,False,593.2,3420,,,50,3,0,0,94147.jpg,2.5,0,0,Coady,1.6,False,,a,20,39,0,94,0,0,0,0,0,0,Coady,5
452,0,1,467,,,9,41727,0,0,0,0,129.7,0,2,,,0,Ryan,0,38,1,86.9,404,False,566.4,3060,,,50,0,0,0,41727.jpg,2.6,0,0,Bennett,0.7,False,,a,20,39,172,89,0,0,0,0,0,0,Bennett,12
453,0,10,635,,,8,90585,0,0,0,0,146.9,0,2,,,0,Willy,0,43,4,137.7,405,False,954.2,3168,,,50,0,0,0,90585.jpg,3.3,1,0,Boly,7.4,False,,a,20,39,279,120,0,0,0,0,0,0,Boly,2
454,0,0,118,,,1,216054,0,0,0,0,113.7,0,2,,,0,Rúben Gonçalo,0,9,0,30.0,406,False,117.0,703,,,45,0,0,0,216054.jpg,1.4,0,0,Silva Nascimento Vinagre,0.4,False,,a,20,39,69,24,0,0,0,0,0,0,Vinagre,1
455,0,5,248,,,3,107613,0,0,0,0,70.9,0,2,,,0,Romain,0,17,2,56.2,407,False,363.6,1142,,,45,0,0,0,107613.jpg,2.5,0,0,Saïss,0.4,False,,a,20,39,129,47,0,0,0,0,0,0,Saïss,7
456,0,0,3,,,0,214048,0,0,0,0,0.0,0,2,,,0,Max,0,0,0,0.0,408,False,0.0,1,,,40,0,0,0,214048.jpg,1.0,0,0,Kilman,1.4,False,,a,20,39,0,1,0,0,0,0,0,0,Kilman,0
457,10,31,602,,,12,102057,0,0,0,0,648.5,0,4,,,0,Raúl,0,40,13,285.4,409,False,788.8,3112,,,75,0,0,0,102057.jpg,4.8,0,0,Jiménez,35.1,False,,a,20,39,1428,181,0,0,0,0,0,0,Jiménez,4
458,8,13,386,,,10,194634,0,0,0,0,402.5,0,4,,,0,Diogo,0,29,9,185.0,410,False,559.6,2352,,,65,0,0,0,194634.jpg,4.2,0,0,Jota,13.9,False,,a,20,39,888,139,0,0,0,0,0,0,Jota,11
459,0,4,581,,,8,38533,0,0,0,0,0.0,0,1,,,0,Rui Pedro,0,46,0,69.1,411,False,695.0,3330,,,50,0,0,0,38533.jpg,3.2,0,97,dos Santos Patrício,5.2,False,,a,20,39,0,118,0,0,0,0,0,0,Patrício,0
460,0,0,25,,,1,19236,0,0,0,0,0.0,0,1,,,0,John,0,0,0,2.7,412,False,26.6,90,,,45,0,0,0,19236.jpg,7.0,0,3,Ruddy,0.5,False,,a,20,39,0,7,0,0,0,0,0,0,Ruddy,0
461,0,0,3,,,0,168399,0,0,0,0,0.0,0,1,,,0,Will,0,0,0,0.0,413,False,0.0,1,,,40,0,0,0,168399.jpg,1.0,0,0,Norris,3.1,False,,a,20,39,0,1,0,0,0,0,0,0,Norris,0
462,3,7,483,,,8,171317,0,0,0,0,365.9,0,3,,,0,Rúben Diogo,0,43,4,146.8,414,False,698.2,3006,,,55,0,0,0,171317.jpg,3.0,0,0,da Silva Neves,7.4,False,,a,20,39,402,104,0,0,0,0,0,0,Neves,8
463,8,13,628,,,9,19624,0,0,0,0,1245.8,0,3,,,0,João Filipe Iria,0,39,1,216.4,415,False,812.6,3030,,,55,0,0,0,19624.jpg,3.1,0,0,Santos Moutinho,6.8,False,,a,20,39,102,119,0,0,0,0,0,0,Moutinho,4
464,1,0,113,,,4,222531,0,0,0,0,181.1,0,3,,,0,Morgan,0,12,0,32.5,416,False,73.2,645,,,50,0,0,0,222531.jpg,1.4,0,0,Gibbs-White,0.3,False,,a,20,39,72,37,0,0,0,0,0,0,Gibbs-White,1
465,1,2,182,,,1,159533,0,0,0,0,271.3,0,3,,,0,Adama,0,13,1,75.8,417,False,223.4,884,,,50,0,0,0,159533.jpg,1.5,0,0,Traoré,0.3,False,,a,20,39,265,44,0,0,0,0,0,0,Traoré,1
466,2,0,136,0.0,,5,165808,0,0,0,0,264.0,0,3,,,0,Hélder,0,19,1,70.9,418,False,162.8,1333,Joined Leeds United on loan until the end of the season on 3/7. - Expected back 01 Jul,2019-07-03T13:00:11.133915Z,50,0,0,0,165808.jpg,2.1,0,0,Costa,0.1,False,,n,20,39,280,52,0,0,0,0,0,0,Costa,3
467,1,3,156,0.0,,1,166324,0,0,0,0,313.6,0,3,,,0,Ivan,0,11,3,66.0,419,False,198.0,677,Joined Fulham on loan until the end of the season on 13/7. - Expected back 01 Jul,2019-07-14T15:00:13.027011Z,50,0,0,0,166324.jpg,2.1,0,0,Cavaleiro,0.0,False,,n,20,39,156,48,0,0,0,0,0,0,Cavaleiro,1
468,0,1,209,,,3,151589,0,0,0,0,126.6,0,3,,,0,Leander,0,21,2,75.1,420,False,334.8,1465,,,45,0,0,0,151589.jpg,2.5,0,0,Dendoncker,12.8,False,,a,20,39,288,48,0,0,0,0,0,0,Dendoncker,1
469,0,0,0,,,0,178876,0,0,0,0,0.0,0,2,,,0,Jesús,0,0,0,0.0,473,False,0.0,0,,,50,0,0,0,178876.jpg,0.0,0,0,Vallejo Lázaro,0.1,False,,a,20,39,0,0,0,0,0,0,0,0,Vallejo,0
